interval,window_id,source,start_ts,end_ts,candidate_d_pnl,router_v2_pnl,candidate_d_trades,router_v2_trades,candidate_d_wins,router_v2_wins,router_hold_decisions,router_routed_entries
500ms,0,historical7d,1789650668.4940002,1789665067.4540002,124.6105289670998,69.97339412797888,17,17,9,8,7,18
500ms,1,recent24h,1790203993.42,1790218393.093,0.0,0.0,0,0,0,0,0,0
500ms,2,historical7d,1789952400.692,1789772399.9699998,0.0,0.0,0,0,0,0,0,0
500ms,3,recent24h,1790220426.496,1790234822.499,0.022875000000396994,0.022875000000396994,2,2,1,1,0,2
500ms,4,historical7d,1789952400.692,1789772399.9699998,0.0,0.0,0,0,0,0,0,0
500ms,5,recent24h,1790213448.253,1790227846.125,0.0,0.0,0,0,0,0,0,0
500ms,6,historical7d,1789658036.962,1789672436.416,-3.9007000674615124,-3.9007000674615124,17,17,8,8,0,18
500ms,7,recent24h,1790256791.8419998,1790271190.8009999,-107.6376946199137,-107.6376946199137,12,12,1,1,0,12
500ms,8,historical7d,1789952400.692,1789772399.9699998,0.0,0.0,0,0,0,0,0,0
500ms,9,recent24h,1790190669.999,1790204399.997,-21.429894766519965,-21.429894766519965,7,7,2,2,0,7
500ms,10,historical7d,1789952400.692,1789772399.9699998,0.0,0.0,0,0,0,0,0,0
500ms,11,recent24h,1790211600.499,1790222997.616,0.0,0.0,0,0,0,0,0,0
500ms,12,historical7d,1789712163.135,1789726562.912,54.7082239204334,54.7082239204334,6,6,4,4,0,6
500ms,13,recent24h,1790211600.499,1790219347.856,0.0,0.0,0,0,0,0,0,0
500ms,14,historical7d,1789666590.4129999,1789680989.593,-13.271737619021337,-13.271737619021337,4,4,2,2,0,4
500ms,15,recent24h,1790194684.461,1790204399.997,24.518341440816585,24.518341440816585,4,4,2,2,0,4
500ms,16,historical7d,1790002645.431,1790017043.924,41.84107595910791,41.84107595910791,14,14,7,7,0,14
500ms,17,recent24h,1790235942.579,1790250341.879,-55.44324332528282,-55.44324332528282,7,7,0,0,0,7
500ms,18,historical7d,1789598754.993,1789613154.582,-15.44999999999959,-15.44999999999959,1,1,0,0,0,1
500ms,19,recent24h,1790240387.915,1790254787.4659998,-79.13333395536898,-79.13333395536898,9,9,0,0,0,9
500ms,20,historical7d,1789952400.692,1789772399.9699998,0.0,0.0,0,0,0,0,0,0
500ms,21,recent24h,1790258460.923,1790272860.4910002,-103.8116017559586,-103.8116017559586,12,12,1,1,0,13
500ms,22,historical7d,1789960303.924,1789974703.156,-9.96286668651669,-9.96286668651669,4,4,1,1,0,4
500ms,23,recent24h,1790241205.393,1790255604.641,-79.13333395536898,-79.13333395536898,9,9,0,0,0,9
500ms,24,historical7d,1789745984.452,1789760383.936,18.90412379629754,18.90412379629754,12,12,7,7,0,12
500ms,25,recent24h,1790223770.311,1790238167.536,0.022875000000396994,0.022875000000396994,2,2,1,1,0,2
500ms,26,historical7d,1790038800.588,1790048355.7779999,0.0,0.0,0,0,0,0,0,0
500ms,27,recent24h,1790193533.9299998,1790204399.997,-21.985237986705783,-21.985237986705783,7,7,2,2,0,7
500ms,28,historical7d,1789952400.692,1789772399.9699998,0.0,0.0,0,0,0,0,0,0
500ms,29,recent24h,1790247046.825,1790261446.337,-113.60213684649085,-95.94901994716139,12,11,0,0,1,11
500ms,30,historical7d,1789952400.692,1789772399.9699998,0.0,0.0,0,0,0,0,0,0
500ms,31,recent24h,1790218143.4889998,1790232543.128,0.022875000000396994,0.022875000000396994,2,2,1,1,0,2
500ms,32,historical7d,1789982335.6499999,1789996734.37,-3.689283309206587,-3.689283309206587,4,4,2,2,0,4
500ms,33,recent24h,1790241532.315,1790255931.949,-78.84370989564621,-78.84370989564621,9,9,0,0,0,9
500ms,34,historical7d,1790056303.783,1790070702.654,12.018438750002701,12.018438750002701,2,2,2,2,0,2
500ms,35,recent24h,1790211600.499,1790225548.988,0.0,0.0,0,0,0,0,0,0
500ms,36,historical7d,1789964106.925,1789978506.078,-6.1851833390622915,-6.1851833390622915,3,3,1,1,0,3
500ms,37,recent24h,1790222601.479,1790236998.018,0.022875000000396994,0.022875000000396994,2,2,1,1,0,2
500ms,38,historical7d,1789952400.692,1789772399.9699998,0.0,0.0,0,0,0,0,0,0
500ms,39,recent24h,1790194594.4819999,1790204399.997,32.591237996545374,32.591237996545374,4,4,2,2,0,4
1s,0,historical7d,1789991838.983,1790006237.927,-22.53079292373775,-22.53079292373775,4,4,1,1,0,4
1s,1,recent24h,1790249377.988,1790263776.8339999,-87.66383021791125,-79.69218183577271,9,9,1,1,1,9
1s,2,historical7d,1789952400.692,1789772399.9699998,0.0,0.0,0,0,0,0,0,0
1s,3,recent24h,1790246972.529,1790261371.717,-96.03191227901334,-88.22204307782624,9,9,0,0,1,9
1s,4,historical7d,1790059246.959,1790073644.8769999,-14.310079378309224,-14.310079378309224,2,2,1,1,0,3
1s,5,recent24h,1790211600.9950001,1790225522.7580001,0.0,0.0,0,0,0,0,0,0
1s,6,historical7d,1789952400.692,1789772399.9699998,0.0,0.0,0,0,0,0,0,0
1s,7,recent24h,1790199616.915,1790214016.024,-12.67500000000041,-12.67500000000041,1,1,0,0,0,1
1s,8,historical7d,1790015674.822,1790030073.212,-23.32602895968739,-23.32602895968739,3,3,0,0,0,3
1s,9,recent24h,1790231214.12,1790245613.8140001,-13.645392187502807,-13.645392187502807,2,2,0,0,0,2
1s,10,historical7d,1789952400.692,1789772399.9699998,0.0,0.0,0,0,0,0,0,0
1s,11,recent24h,1790256540.9,1790270939.956,-17.030717668478914,-17.030717668478914,9,9,3,3,0,10
1s,12,historical7d,1790012282.976,1790026681.916,-23.32602895968739,-23.32602895968739,3,3,0,0,0,3
1s,13,recent24h,1790198317.895,1790212716.316,-12.67500000000041,-12.67500000000041,1,1,0,0,0,1
1s,14,historical7d,1789765237.889,1789772399.9699998,-3.4875000000010914,-3.4875000000010914,1,1,0,0,0,1
1s,15,recent24h,1790204340.9390001,1790218737.9139998,0.0,0.0,0,0,0,0,0,0
1s,16,historical7d,1789952400.692,1789772399.9699998,0.0,0.0,0,0,0,0,0,0
1s,17,recent24h,1790256659.9980001,1790271059.573,7.094029413121041,7.094029413121041,8,8,4,4,0,9
1s,18,historical7d,1789755130.889,1789769530.656,25.18841106913044,25.18841106913044,7,7,3,3,0,7
1s,19,recent24h,1790233309.687,1790247708.9539998,-28.718269253825277,-28.718269253825277,3,3,0,0,0,4
1s,20,historical7d,1789952400.692,1789772399.9699998,0.0,0.0,0,0,0,0,0,0
1s,21,recent24h,1790242214.527,1790256613.889,-65.7819955967251,-65.7819955967251,7,7,0,0,0,7
1s,22,historical7d,1789952400.692,1789772399.9699998,0.0,0.0,0,0,0,0,0,0
1s,23,recent24h,1790255321.68,1790269720.9129999,-34.87139817365335,-25.879119693221128,10,10,3,3,1,10
1s,24,historical7d,1789577908.907,1789592307.95,29.687052807127287,29.687052807127287,10,10,3,3,0,11
1s,25,recent24h,1790235054.944,1790249451.871,-30.913602971251397,-30.913602971251397,4,4,0,0,0,5
1s,26,historical7d,1789675882.769,1789685999.957,-14.924555625000835,-14.924555625000835,2,2,0,0,0,2
1s,27,recent24h,1790211600.9950001,1790218895.6169999,0.0,0.0,0,0,0,0,0,0
1s,28,historical7d,1789952400.692,1789772399.9699998,0.0,0.0,0,0,0,0,0,0
1s,29,recent24h,1790223747.996,1790238147.464,-0.2253562500010844,-0.2253562500010844,2,2,1,1,0,2
1s,30,historical7d,1789952400.692,1789772399.9699998,0.0,0.0,0,0,0,0,0,0
1s,31,recent24h,1790196632.882,1790204399.997,-12.67500000000041,-12.67500000000041,1,1,0,0,0,1
1s,32,historical7d,1789642370.784,1789656769.514,-6.004075002103246,-6.004075002103246,5,5,1,1,0,6
1s,33,recent24h,1790196014.844,1790204399.997,18.355419374998746,18.355419374998746,2,2,1,1,0,2
1s,34,historical7d,1789583165.984,1789597564.9129999,45.449075150882436,1.737674092928728,24,23,9,8,3,23
1s,35,recent24h,1790234128.9550002,1790248527.966,-31.756441376775626,-31.756441376775626,4,4,0,0,0,4
1s,36,historical7d,1789988303.992,1790002702.484,-9.524999999999864,-9.524999999999864,1,1,0,0,0,1
1s,37,recent24h,1790241430.9169998,1790255829.46,-69.17501004545511,-69.17501004545511,7,7,0,0,0,7
1s,38,historical7d,1789702201.855,1789716600.972,-0.308031037418516,-0.308031037418516,5,5,2,2,0,5
1s,39,recent24h,1790232229.752,1790246628.8009999,-28.96556233359911,-28.96556233359911,3,3,0,0,0,3
