context,entry_ts,exit_ts,side,held_sec,peak_move_usd,exit_move_usd,retained_fraction,trade_pnl_inr
historical7d:500ms:segment0,1789575064.3500001,1789575444.4529998,BUY,380.1029996871948,9.399999999999636,4.6899999999996,0.49893617021274267,16.625491942365493
historical7d:500ms:segment0,1789592304.8969998,1789592399.967,BUY,95.07000017166138,9.100000000000364,1.4900000000006912,0.16373626373633315,5.366056501310223
historical7d:500ms:segment0,1789593033.9889998,1789593594.4899998,SELL,560.5009999275208,21.299999999999272,9.75,0.4577464788732551,32.100904361671056
historical7d:500ms:segment0,1789596332.446,1789596462.492,SELL,130.0460000038147,16.159999999999854,6.519999999999527,0.40346534653462784,27.557331411325784
historical7d:500ms:segment0,1789598469.9750001,1789598510.42,BUY,40.4449999332428,4.5900000000001455,0.7699999999995271,0.1677559912852947,3.1364307262374123
historical7d:500ms:segment0,1789598970.992,1789599101.4689999,BUY,130.47699975967407,6.169999999999163,2.889999999999418,0.4683954619124489,11.83978057602997
historical7d:500ms:segment0,1789618633.982,1789618784.344,BUY,150.3619999885559,4.039999999999964,1.6700000000000728,0.4133663366336851,6.812944550961977
historical7d:500ms:segment0,1789621006.3980002,1789621381.471,SELL,375.07299971580505,4.059999999999491,1.9399999999995998,0.4778325123152323,8.01356692337392
historical7d:500ms:segment0,1789623087.402,1789623432.9950001,SELL,345.5930001735687,4.149999999999636,1.1899999999995998,0.2867469879517359,4.832959418051657
historical7d:500ms:segment0,1789635294.824,1789635904.982,BUY,610.1580002307892,5.509999999999309,2.7100000000000364,0.49183303085306285,11.218478696564327
historical7d:500ms:segment0,1789640864.822,1789641019.996,BUY,155.17400002479553,4.079999999999927,1.8100000000004002,0.44362745098049816,7.988406679991783
historical7d:500ms:segment0,1789643496.452,1789643646.493,SELL,150.04100012779236,5.25,2.5600000000004,0.48761904761912384,11.102328186723247
historical7d:500ms:segment0,1789656821.38,1789656976.3969998,BUY,155.0169997215271,4.229999999999563,1.4799999999995634,0.3498817966902402,6.652663158571105
historical7d:500ms:segment0,1789657699.967,1789657855.4940002,BUY,155.52700018882751,4.199999999999818,1.8699999999998909,0.44523809523808855,8.620782055999962
historical7d:500ms:segment0,1789658307.451,1789658432.4940002,BUY,125.04300022125244,6.050000000000182,2.9099999999998545,0.4809917355371516,13.603376259794702
historical7d:500ms:segment0,1789661749.9420002,1789661990.224,BUY,240.28199982643127,5.920000000000073,2.3100000000004,0.3902027027027655,10.296913132491804
historical7d:500ms:segment0,1789664819.497,1789665039.976,BUY,220.47900009155273,4.0,1.4399999999995998,0.35999999999989996,6.322299623370432
historical7d:500ms:segment0,1789673571.864,1789673796.966,SELL,225.10199999809265,4.149999999999636,2.019999999999527,0.48674698795173593,9.058360577181766
historical7d:500ms:segment0,1789706581.792,1789707136.867,SELL,555.0750000476837,4.75,1.860000000000582,0.3915789473685436,7.656658306997669
historical7d:500ms:segment0,1789712211.0449998,1789712331.459,SELL,120.41400027275085,5.449999999999818,2.630000000000109,0.48256880733948565,10.977377771878874
historical7d:500ms:segment0,1789713750.544,1789714011.437,BUY,260.893000125885,4.229999999999563,1.9299999999993815,0.4562647754136125,8.284158011177373
historical7d:500ms:segment0,1789721882.816,1789722312.931,BUY,430.11500000953674,11.590000000000146,5.5900000000001455,0.4823123382226122,24.292034204177902
historical7d:500ms:segment0,1789735360.477,1789735640.9169998,SELL,280.4399998188019,5.480000000000473,2.5900000000001455,0.4726277372262631,12.303206243509416
historical7d:500ms:segment1,1789749090.464,1789749480.485,SELL,390.02099990844727,8.6200000000008,4.160000000000764,0.4825986078886749,15.956838266830568
historical7d:500ms:segment1,1789753818.487,1789754013.4950001,BUY,195.00800013542175,5.639999999999418,2.7100000000000364,0.4804964539007653,10.239629240559584
historical7d:500ms:segment1,1789758584.742,1789758819.981,BUY,235.2389998435974,4.739999999999782,2.1899999999996,0.46202531645563305,8.595485110807612
historical7d:500ms:segment2,1789967510.961,1789968412.476,SELL,901.5150001049042,8.699999999999818,3.699999999999818,0.42528735632182707,13.768856249999372
recent24h:500ms:whole,1790196504.42,1790197394.474,BUY,890.0539999008179,4.800000000000182,2.1099999999996726,0.43958333333324845,7.568317426798864
recent24h:500ms:whole,1790227939.976,1790228065.368,BUY,125.39199995994568,4.050000000000182,1.3299999999999272,0.32839506172836236,4.720653353222148
recent24h:500ms:whole,1790248961.94,1790249117.4780002,SELL,155.53800010681152,4.190000000000509,1.7700000000004366,0.42243436754181896,5.540118942642085
recent24h:500ms:whole,1790267679.908,1790268124.976,SELL,445.0680000782013,4.850000000000364,2.4099999999998545,0.4969072164947781,5.759035804787935
recent24h:500ms:whole,1790268611.999,1790268917.409,SELL,305.4099998474121,4.010000000000218,1.5200000000004366,0.379052369077395,3.697907955593981
recent24h:500ms:whole,1790272615.978,1790272946.461,SELL,330.4830000400543,4.890000000000327,2.3400000000001455,0.4785276073619609,5.008830332711468
historical7d:1s:segment0,1789575094.938,1789575450.967,BUY,356.029000043869,9.799999999999272,4.639999999999418,0.4734693877550778,16.42485995551068
historical7d:1s:segment0,1789592390.992,1789592401.966,BUY,10.973999977111816,7.539999999999964,-2.0,-0.2652519893899217,-7.964996854652053
historical7d:1s:segment0,1789593033.9889998,1789593594.987,SELL,560.9980001449585,21.089999999999236,9.959999999999127,0.47226173541960587,36.342450307599584
historical7d:1s:segment0,1789595330.9689999,1789595395.971,SELL,65.00200009346008,5.1200000000008,1.860000000000582,0.3632812500000569,7.493608029311722
historical7d:1s:segment0,1789623093.972,1789623674.719,SELL,580.7470002174377,5.649999999999636,2.7299999999995634,0.4831858407079184,9.394442219643565
historical7d:1s:segment0,1789635295.977,1789635901.9740002,BUY,605.9970002174377,5.359999999999673,2.630000000000109,0.4906716417910951,9.23562882980356
historical7d:1s:segment0,1789640906.6929998,1789641311.978,BUY,405.2850000858307,5.359999999999673,2.1700000000000728,0.404850746268695,7.453210830188726
historical7d:1s:segment0,1789643496.9,1789643647.6390002,SELL,150.739000082016,5.25,2.569999999999709,0.48952380952375407,8.637547157406729
historical7d:1s:segment0,1789656876.67,1789657357.723,BUY,481.0529999732971,12.75,5.430000000000291,0.4258823529411993,18.731183422559237
historical7d:1s:segment0,1789661749.9420002,1789661990.921,BUY,240.97899985313416,5.869999999999891,2.3100000000004,0.3935264054515235,8.907980791908589
historical7d:1s:segment0,1789664822.9950001,1789664988.932,BUY,165.93699979782104,4.0700000000006185,1.7800000000006548,0.4373464373465318,6.924290348528829
historical7d:1s:segment0,1789673571.864,1789673796.966,SELL,225.10199999809265,4.149999999999636,2.019999999999527,0.48674698795173593,8.12928977695438
historical7d:1s:segment0,1789706581.792,1789707136.867,SELL,555.0750000476837,4.690000000000509,1.860000000000582,0.396588486140806,6.71363962074459
historical7d:1s:segment0,1789712211.0449998,1789712331.8060002,SELL,120.76100039482117,5.449999999999818,2.4799999999995634,0.4550458715595681,9.07639319126757
historical7d:1s:segment0,1789713750.544,1789714011.737,BUY,261.1930000782013,4.229999999999563,2.0399999999999636,0.48226950354614045,7.672237850356125
historical7d:1s:segment0,1789721883.6169999,1789722313.9329998,BUY,430.3159999847412,11.61999999999989,5.609999999999673,0.4827882960412844,21.421463496032207
historical7d:1s:segment0,1789735360.577,1789735640.9169998,SELL,280.3399999141693,5.420000000000073,2.569999999999709,0.47416974169735693,11.068629814967567
historical7d:1s:segment1,1789749091.967,1789749476.979,SELL,385.01200008392334,8.600000000000364,4.149999999999636,0.482558139534821,16.234941864648498
historical7d:1s:segment1,1789753819.984,1789754010.997,BUY,191.0130000114441,5.350000000000364,2.3900000000003274,0.44672897196264766,8.765575958398482
historical7d:1s:segment1,1789758585.943,1789758820.985,BUY,235.04199981689453,4.510000000000218,1.7299999999995634,0.38359201773824386,6.5605938788807086
historical7d:1s:segment2,1789967510.961,1789968412.9859998,SELL,902.0249998569489,8.699999999999818,3.869999999999891,0.44482758620689333,14.385152812499683
historical7d:1s:segment2,1789993811.904,1789993957.9459999,SELL,146.04199981689453,4.75,2.2000000000007276,0.46315789473699526,7.637238233657088
recent24h:1s:whole,1790196504.922,1790197395.7740002,BUY,890.8520002365112,4.789999999999964,2.149999999999636,0.44885177453019887,7.702638278378302
recent24h:1s:whole,1790227939.976,1790228060.9689999,BUY,120.992999792099,4.050000000000182,1.949999999999818,0.48148148148141495,6.918811182678194
recent24h:1s:whole,1790248961.94,1790249117.926,SELL,155.98600006103516,4.140000000000327,1.9700000000002547,0.4758454106280432,6.2326312624783125
recent24h:1s:whole,1790268611.999,1790268917.907,SELL,305.9079999923706,4.0,1.3500000000003638,0.33750000000009095,3.552751823446171
recent24h:1s:whole,1790272615.978,1790273016.86,SELL,400.8819999694824,5.680000000000291,2.430000000000291,0.42781690140848,6.081187832366047
