label,trade_id,window,interval,segment_id,engine,baseline_pnl_inr,take,combined_policy_pnl_inr
historical_walkforward,historical7d|500ms|1|PRIMARY|SELL|1789742547.998000,historical7d,500ms,1,PRIMARY,6.112499999996999,False,0.0
historical_walkforward,historical7d|500ms|1|PRIMARY|SELL|1789743963.434000,historical7d,500ms,1,PRIMARY,22.087499999997817,False,0.0
historical_walkforward,historical7d|500ms|1|PRIMARY|SELL|1789745356.959000,historical7d,500ms,1,PRIMARY,-15.112499999999043,True,-1.6874999999993177
historical_walkforward,historical7d|500ms|1|PRIMARY|BUY|1789747212.315000,historical7d,500ms,1,PRIMARY,-10.237499999998365,True,1.012500000001637
historical_walkforward,historical7d|500ms|1|PRIMARY|SELL|1789749090.464000,historical7d,500ms,1,PRIMARY,19.46250000000191,False,0.0
historical_walkforward,historical7d|500ms|1|PRIMARY|SELL|1789750451.994000,historical7d,500ms,1,PRIMARY,-15.337500000000546,True,-1.0124999999982265
historical_walkforward,historical7d|500ms|1|PRIMARY|SELL|1789752032.405000,historical7d,500ms,1,PRIMARY,-15.412500000002185,False,0.0
historical_walkforward,historical7d|500ms|1|PRIMARY|BUY|1789753818.487000,historical7d,500ms,1,PRIMARY,5.212499999997817,True,-1.3874999999995907
historical_walkforward,historical7d|500ms|1|PRIMARY|BUY|1789758584.742000,historical7d,500ms,1,PRIMARY,0.7499999999993179,False,0.0
historical_walkforward,historical7d|500ms|1|PRIMARY|BUY|1789759468.945000,historical7d,500ms,1,PRIMARY,28.050000000001774,False,0.0
historical_walkforward,historical7d|500ms|1|PRIMARY|BUY|1789761354.989000,historical7d,500ms,1,PRIMARY,-5.774999999999864,False,0.0
historical_walkforward,historical7d|500ms|1|PRIMARY|BUY|1789762637.884000,historical7d,500ms,1,PRIMARY,-7.125000000002046,False,0.0
historical_walkforward,historical7d|500ms|1|PRIMARY|BUY|1789763699.256000,historical7d,500ms,1,PRIMARY,8.512499999998226,False,0.0
historical_walkforward,historical7d|500ms|1|PRIMARY|SELL|1789767860.959000,historical7d,500ms,1,PRIMARY,-3.4875000000010914,False,0.0
historical_walkforward,historical7d|500ms|1|SECONDARY|BUY|1789743897.458000,historical7d,500ms,1,SECONDARY,-15.787500000000136,True,1.7250000000001364
historical_walkforward,historical7d|500ms|1|SECONDARY|SELL|1789744804.983000,historical7d,500ms,1,SECONDARY,30.975000000000826,False,0.0
historical_walkforward,historical7d|500ms|1|SECONDARY|SELL|1789745230.877000,historical7d,500ms,1,SECONDARY,-15.862500000001772,True,-4.237500000000409
historical_walkforward,historical7d|500ms|1|SECONDARY|BUY|1789747489.987000,historical7d,500ms,1,SECONDARY,-15.524999999997815,True,2.6250000000027285
historical_walkforward,historical7d|500ms|1|SECONDARY|SELL|1789749423.992000,historical7d,500ms,1,SECONDARY,-16.38749999999959,True,-3.450000000000273
historical_walkforward,historical7d|500ms|1|SECONDARY|SELL|1789754302.941000,historical7d,500ms,1,SECONDARY,2.1374999999989086,True,0.37499999999795364
historical_walkforward,historical7d|500ms|1|SECONDARY|BUY|1789757067.989000,historical7d,500ms,1,SECONDARY,6.862499999999726,False,0.0
historical_walkforward,historical7d|500ms|1|SECONDARY|BUY|1789760014.465000,historical7d,500ms,1,SECONDARY,-15.375000000001364,False,0.0
historical_walkforward,historical7d|500ms|1|SECONDARY|BUY|1789763657.457000,historical7d,500ms,1,SECONDARY,8.512500000001637,False,0.0
historical_walkforward,historical7d|500ms|1|MICRO|SELL|1789744843.990000,historical7d,500ms,1,MICRO,25.49999999999983,False,0.0
historical_walkforward,historical7d|500ms|1|MICRO|BUY|1789745476.022000,historical7d,500ms,1,MICRO,22.59374999999949,True,1.2374999999997272
historical_walkforward,historical7d|500ms|1|MICRO|SELL|1789747384.487000,historical7d,500ms,1,MICRO,-4.6499999999991815,False,0.0
historical_walkforward,historical7d|500ms|1|MICRO|BUY|1789747494.997000,historical7d,500ms,1,MICRO,-1.7250000000001364,True,0.5249999999978172
historical_walkforward,historical7d|500ms|1|MICRO|BUY|1789752173.904000,historical7d,500ms,1,MICRO,-1.2374999999997272,False,0.0
historical_walkforward,historical7d|500ms|1|MICRO|BUY|1789753891.457000,historical7d,500ms,1,MICRO,-4.162499999998772,False,0.0
historical_walkforward,historical7d|500ms|1|MICRO|BUY|1789759757.975000,historical7d,500ms,1,MICRO,24.43124999999867,False,0.0
historical_walkforward,historical7d|500ms|1|BURST|SELL|1789743967.948000,historical7d,500ms,1,BURST,-2.0624999999972715,False,0.0
historical_walkforward,historical7d|500ms|1|BURST|SELL|1789744809.490000,historical7d,500ms,1,BURST,0.0,False,0.0
historical_walkforward,historical7d|500ms|1|BURST|SELL|1789745006.214000,historical7d,500ms,1,BURST,2.962499999999864,True,3.562499999999318
historical_walkforward,historical7d|500ms|1|BURST|SELL|1789745230.877000,historical7d,500ms,1,BURST,-3.937500000000682,True,-4.237500000000409
historical_walkforward,historical7d|500ms|1|BURST|BUY|1789745637.991000,historical7d,500ms,1,BURST,-1.1625000000015009,True,-0.22500000000150064
historical_walkforward,historical7d|500ms|1|BURST|SELL|1789751987.461000,historical7d,500ms,1,BURST,10.424999999999043,True,-2.2500000000013642
historical_walkforward,historical7d|1s|1|PRIMARY|SELL|1789742547.998000,historical7d,1s,1,PRIMARY,5.84999999999809,False,0.0
historical_walkforward,historical7d|1s|1|PRIMARY|SELL|1789743963.942000,historical7d,1s,1,PRIMARY,20.999999999997957,False,0.0
historical_walkforward,historical7d|1s|1|PRIMARY|SELL|1789745356.959000,historical7d,1s,1,PRIMARY,-15.112499999999043,True,-1.5000000000020466
historical_walkforward,historical7d|1s|1|PRIMARY|BUY|1789747214.968000,historical7d,1s,1,PRIMARY,-12.037500000000136,True,0.29999999999972715
historical_walkforward,historical7d|1s|1|PRIMARY|SELL|1789749091.967000,historical7d,1s,1,PRIMARY,20.88749999999891,False,0.0
historical_walkforward,historical7d|1s|1|PRIMARY|SELL|1789750451.994000,historical7d,1s,1,PRIMARY,-15.262499999998909,True,-1.3499999999987722
historical_walkforward,historical7d|1s|1|PRIMARY|SELL|1789752032.955000,historical7d,1s,1,PRIMARY,-15.637500000000273,False,0.0
historical_walkforward,historical7d|1s|1|PRIMARY|BUY|1789753819.984000,historical7d,1s,1,PRIMARY,4.162499999998772,False,0.0
historical_walkforward,historical7d|1s|1|PRIMARY|BUY|1789758585.943000,historical7d,1s,1,PRIMARY,-0.112499999999045,False,0.0
historical_walkforward,historical7d|1s|1|PRIMARY|BUY|1789759468.945000,historical7d,1s,1,PRIMARY,28.050000000001774,False,0.0
historical_walkforward,historical7d|1s|1|PRIMARY|BUY|1789761354.989000,historical7d,1s,1,PRIMARY,-5.774999999999864,False,0.0
historical_walkforward,historical7d|1s|1|PRIMARY|BUY|1789762637.884000,historical7d,1s,1,PRIMARY,-8.625000000000682,False,0.0
historical_walkforward,historical7d|1s|1|PRIMARY|BUY|1789763699.963000,historical7d,1s,1,PRIMARY,8.362500000001774,False,0.0
historical_walkforward,historical7d|1s|1|PRIMARY|SELL|1789767860.959000,historical7d,1s,1,PRIMARY,-3.4875000000010914,False,0.0
historical_walkforward,historical7d|1s|1|SECONDARY|SELL|1789744804.983000,historical7d,1s,1,SECONDARY,30.975000000000826,False,0.0
historical_walkforward,historical7d|1s|1|SECONDARY|SELL|1789745230.877000,historical7d,1s,1,SECONDARY,-15.299999999999727,True,-4.237500000000409
historical_walkforward,historical7d|1s|1|SECONDARY|BUY|1789745633.986000,historical7d,1s,1,SECONDARY,-6.78749999999809,True,-0.11249999999904502
historical_walkforward,historical7d|1s|1|SECONDARY|BUY|1789747264.982000,historical7d,1s,1,SECONDARY,-15.112499999999043,True,-2.9624999999998636
historical_walkforward,historical7d|1s|1|SECONDARY|BUY|1789747489.987000,historical7d,1s,1,SECONDARY,-15.037499999997408,True,2.6250000000027285
historical_walkforward,historical7d|1s|1|SECONDARY|SELL|1789749423.992000,historical7d,1s,1,SECONDARY,-16.38749999999959,True,-3.450000000000273
historical_walkforward,historical7d|1s|1|SECONDARY|SELL|1789749772.999000,historical7d,1s,1,SECONDARY,-15.9375,True,-5.549999999998363
historical_walkforward,historical7d|1s|1|SECONDARY|SELL|1789751974.950000,historical7d,1s,1,SECONDARY,-15.337500000000546,False,0.0
historical_walkforward,historical7d|1s|1|SECONDARY|BUY|1789753886.994000,historical7d,1s,1,SECONDARY,-16.91250000000082,True,-0.7499999999993179
historical_walkforward,historical7d|1s|1|SECONDARY|BUY|1789757067.989000,historical7d,1s,1,SECONDARY,6.862499999999726,False,0.0
historical_walkforward,historical7d|1s|1|SECONDARY|BUY|1789759757.975000,historical7d,1s,1,SECONDARY,31.649999999998496,True,0.3374999999971351
historical_walkforward,historical7d|1s|1|SECONDARY|BUY|1789763657.914000,historical7d,1s,1,SECONDARY,8.6625000000015,False,0.0
historical_walkforward,historical7d|1s|1|MICRO|SELL|1789744843.990000,historical7d,1s,1,MICRO,25.49999999999983,False,0.0
historical_walkforward,historical7d|1s|1|MICRO|BUY|1789745476.976000,historical7d,1s,1,MICRO,22.462500000000038,True,1.6499999999984993
historical_walkforward,historical7d|1s|1|MICRO|SELL|1789747390.945000,historical7d,1s,1,MICRO,-10.612499999999727,False,0.0
historical_walkforward,historical7d|1s|1|MICRO|BUY|1789747502.958000,historical7d,1s,1,MICRO,-4.162499999998772,False,0.0
historical_walkforward,historical7d|1s|1|MICRO|SELL|1789751983.954000,historical7d,1s,1,MICRO,1.6874999999993177,True,-1.950000000001637
historical_walkforward,historical7d|1s|1|MICRO|BUY|1789752173.904000,historical7d,1s,1,MICRO,-1.1999999999989086,False,0.0
historical_walkforward,historical7d|1s|1|MICRO|BUY|1789753891.955000,historical7d,1s,1,MICRO,-4.275000000001228,True,-1.875
historical_walkforward,historical7d|1s|1|MICRO|BUY|1789759757.975000,historical7d,1s,1,MICRO,24.10312499999833,False,0.0
historical_walkforward,historical7d|1s|1|BURST|SELL|1789743770.854000,historical7d,1s,1,BURST,1.2750000000005457,False,0.0
historical_walkforward,historical7d|1s|1|BURST|SELL|1789743964.941000,historical7d,1s,1,BURST,-1.762499999997544,False,0.0
historical_walkforward,historical7d|1s|1|BURST|SELL|1789744809.936000,historical7d,1s,1,BURST,-0.1499999999998635,False,0.0
historical_walkforward,historical7d|1s|1|BURST|SELL|1789745007.815000,historical7d,1s,1,BURST,3.787499999997408,False,0.0
historical_walkforward,historical7d|1s|1|BURST|SELL|1789745230.877000,historical7d,1s,1,BURST,-2.250000000001364,True,-4.237500000000409
historical_walkforward,historical7d|1s|1|BURST|BUY|1789745637.991000,historical7d,1s,1,BURST,-1.6874999999993177,True,-0.22500000000150064
historical_walkforward,historical7d|500ms|2|PRIMARY|BUY|1789963659.366000,historical7d,500ms,2,PRIMARY,-6.862499999999726,False,0.0
historical_walkforward,historical7d|500ms|2|PRIMARY|SELL|1789967510.961000,historical7d,500ms,2,PRIMARY,13.874999999999316,True,-1.049999999999045
historical_walkforward,historical7d|500ms|2|PRIMARY|SELL|1789968909.746000,historical7d,500ms,2,PRIMARY,-7.050000000000408,False,0.0
historical_walkforward,historical7d|500ms|2|PRIMARY|SELL|1789993811.904000,historical7d,500ms,2,PRIMARY,-10.687499999997954,False,0.0
historical_walkforward,historical7d|500ms|2|SECONDARY|SELL|1789968692.959000,historical7d,500ms,2,SECONDARY,-4.275000000001228,False,0.0
historical_walkforward,historical7d|500ms|2|SECONDARY|SELL|1789970946.954000,historical7d,500ms,2,SECONDARY,-15.374999999997954,False,0.0
historical_walkforward,historical7d|500ms|2|SECONDARY|SELL|1789993800.491000,historical7d,500ms,2,SECONDARY,6.262500000000272,False,0.0
historical_walkforward,historical7d|500ms|2|MICRO|BUY|1789963644.394000,historical7d,500ms,2,MICRO,-3.8249999999982265,True,-3.8249999999982265
historical_walkforward,historical7d|500ms|2|MICRO|BUY|1789984993.492000,historical7d,500ms,2,MICRO,-1.0500000000024556,True,-1.0500000000024556
historical_walkforward,historical7d|500ms|2|MICRO|BUY|1789985709.510000,historical7d,500ms,2,MICRO,-11.362499999999043,True,-1.5374999999994543
historical_walkforward,historical7d|500ms|2|BURST|BUY|1789963653.855000,historical7d,500ms,2,BURST,-2.58750000000191,True,-0.14999999999986358
historical_walkforward,historical7d|500ms|2|BURST|BUY|1789984997.647000,historical7d,500ms,2,BURST,2.6250000000027285,True,-1.4999999999986358
historical_walkforward,historical7d|1s|2|PRIMARY|BUY|1789963659.366000,historical7d,1s,2,PRIMARY,-6.862499999999726,False,0.0
historical_walkforward,historical7d|1s|2|PRIMARY|SELL|1789967510.961000,historical7d,1s,2,PRIMARY,14.512499999999587,True,-1.5750000000002728
historical_walkforward,historical7d|1s|2|PRIMARY|SELL|1789968909.746000,historical7d,1s,2,PRIMARY,-6.599999999997408,False,0.0
historical_walkforward,historical7d|1s|2|PRIMARY|SELL|1789993811.904000,historical7d,1s,2,PRIMARY,-9.524999999999864,False,0.0
historical_walkforward,historical7d|1s|2|SECONDARY|SELL|1789968692.959000,historical7d,1s,2,SECONDARY,-4.275000000001228,False,0.0
historical_walkforward,historical7d|1s|2|SECONDARY|SELL|1789970946.954000,historical7d,1s,2,SECONDARY,-15.374999999997954,False,0.0
historical_walkforward,historical7d|1s|2|SECONDARY|SELL|1789984832.975000,historical7d,1s,2,SECONDARY,-15.487500000000413,True,-0.8625000000017735
historical_walkforward,historical7d|1s|2|MICRO|BUY|1789963644.742000,historical7d,1s,2,MICRO,-4.387499999996862,True,-4.387499999996862
historical_walkforward,historical7d|1s|2|MICRO|BUY|1789984996.899000,historical7d,1s,2,MICRO,-1.3499999999987722,True,-1.3499999999987722
historical_walkforward,historical7d|1s|2|MICRO|BUY|1789985709.510000,historical7d,1s,2,MICRO,-11.362499999999043,True,-1.5374999999994543
historical_walkforward,historical7d|1s|2|BURST|BUY|1789963653.855000,historical7d,1s,2,BURST,-2.8125,True,-0.14999999999986358
historical_walkforward,historical7d|1s|2|BURST|BUY|1789984997.647000,historical7d,1s,2,BURST,2.6250000000027285,True,-1.4999999999986358
historical_walkforward,historical7d|500ms|3|PRIMARY|SELL|1790005642.848000,historical7d,500ms,3,PRIMARY,-15.0,False,0.0
historical_walkforward,historical7d|500ms|3|PRIMARY|BUY|1790006912.309000,historical7d,500ms,3,PRIMARY,12.299999999999043,True,-0.825000000000955
historical_walkforward,historical7d|500ms|3|PRIMARY|SELL|1790008907.910000,historical7d,500ms,3,PRIMARY,-1.3874999999995907,False,0.0
historical_walkforward,historical7d|500ms|3|PRIMARY|SELL|1790009592.785000,historical7d,500ms,3,PRIMARY,94.83749999999986,True,-2.9624999999998636
historical_walkforward,historical7d|500ms|3|PRIMARY|BUY|1790018369.818000,historical7d,500ms,3,PRIMARY,-16.125000000000682,True,-0.11249999999904502
historical_walkforward,historical7d|500ms|3|SECONDARY|SELL|1790004286.924000,historical7d,500ms,3,SECONDARY,-15.787500000000136,False,0.0
historical_walkforward,historical7d|500ms|3|SECONDARY|BUY|1790005480.473000,historical7d,500ms,3,SECONDARY,-15.0,True,-2.700000000000955
historical_walkforward,historical7d|500ms|3|SECONDARY|BUY|1790009383.491000,historical7d,500ms,3,SECONDARY,-15.187500000000682,True,0.825000000000955
historical_walkforward,historical7d|500ms|3|SECONDARY|BUY|1790016648.988000,historical7d,500ms,3,SECONDARY,-15.599999999999454,False,0.0
historical_walkforward,historical7d|500ms|3|MICRO|SELL|1790004086.345000,historical7d,500ms,3,MICRO,18.956249999999383,False,0.0
historical_walkforward,historical7d|500ms|3|MICRO|BUY|1790006332.463000,historical7d,500ms,3,MICRO,-8.737500000003138,True,-8.737500000003138
historical_walkforward,historical7d|500ms|3|MICRO|SELL|1790008432.287000,historical7d,500ms,3,MICRO,1.3874999999995907,False,0.0
historical_walkforward,historical7d|500ms|3|MICRO|SELL|1790010203.423000,historical7d,500ms,3,MICRO,22.60312499999884,False,0.0
historical_walkforward,historical7d|500ms|3|MICRO|SELL|1790010346.969000,historical7d,500ms,3,MICRO,-6.900000000000546,False,0.0
historical_walkforward,historical7d|500ms|3|MICRO|BUY|1790010460.962000,historical7d,500ms,3,MICRO,0.2250000000015006,True,0.2250000000015006
historical_walkforward,historical7d|500ms|3|BURST|BUY|1790006264.459000,historical7d,500ms,3,BURST,2.2125000000005457,True,-5.5874999999991815
historical_walkforward,historical7d|500ms|3|BURST|SELL|1790012061.956000,historical7d,500ms,3,BURST,4.237500000000409,False,0.0
historical_walkforward,historical7d|500ms|3|BURST|SELL|1790018047.438000,historical7d,500ms,3,BURST,-4.012500000002319,True,-1.5000000000020466
historical_walkforward,historical7d|500ms|3|BURST|SELL|1790022664.515000,historical7d,500ms,3,BURST,-1.9499999999982265,False,0.0
historical_walkforward,historical7d|1s|3|PRIMARY|SELL|1790005642.848000,historical7d,1s,3,PRIMARY,-15.0,False,0.0
historical_walkforward,historical7d|1s|3|PRIMARY|BUY|1790006919.970000,historical7d,1s,3,PRIMARY,9.82499999999959,True,-3.637500000000955
historical_walkforward,historical7d|1s|3|PRIMARY|SELL|1790008907.910000,historical7d,1s,3,PRIMARY,-0.3375000000005457,False,0.0
historical_walkforward,historical7d|1s|3|PRIMARY|SELL|1790009590.981000,historical7d,1s,3,PRIMARY,93.9750000000015,True,-1.8374999999991812
historical_walkforward,historical7d|1s|3|PRIMARY|BUY|1790018369.818000,historical7d,1s,3,PRIMARY,-16.125000000000682,True,-0.11249999999904502
historical_walkforward,historical7d|1s|3|SECONDARY|SELL|1790004286.924000,historical7d,1s,3,SECONDARY,-15.71250000000191,False,0.0
historical_walkforward,historical7d|1s|3|SECONDARY|BUY|1790006952.976000,historical7d,1s,3,SECONDARY,0.5624999999986358,True,-1.5000000000020466
historical_walkforward,historical7d|1s|3|SECONDARY|SELL|1790008359.963000,historical7d,1s,3,SECONDARY,9.487500000002456,False,0.0
historical_walkforward,historical7d|1s|3|SECONDARY|SELL|1790010044.954000,historical7d,1s,3,SECONDARY,31.01250000000164,False,0.0
historical_walkforward,historical7d|1s|3|MICRO|SELL|1790004086.949000,historical7d,1s,3,MICRO,19.04062500000037,False,0.0
historical_walkforward,historical7d|1s|3|MICRO|BUY|1790006334.971000,historical7d,1s,3,MICRO,-7.200000000000273,False,0.0
historical_walkforward,historical7d|1s|3|MICRO|SELL|1790010323.947000,historical7d,1s,3,MICRO,-15.562499999998636,False,0.0
historical_walkforward,historical7d|1s|3|BURST|BUY|1790006264.808000,historical7d,1s,3,BURST,3.225000000002183,True,3.225000000002183
historical_walkforward,historical7d|1s|3|BURST|SELL|1790012063.960000,historical7d,1s,3,BURST,2.3625000000004093,False,0.0
historical_walkforward,historical7d|1s|3|BURST|SELL|1790018048.984000,historical7d,1s,3,BURST,-5.512500000000955,False,0.0
historical_walkforward,historical7d|1s|3|BURST|SELL|1790022664.515000,historical7d,1s,3,BURST,-1.9499999999982265,False,0.0
historical_walkforward,historical7d|500ms|4|PRIMARY|SELL|1790052562.477000,historical7d,500ms,4,PRIMARY,-15.074999999998225,False,0.0
historical_walkforward,historical7d|500ms|4|PRIMARY|SELL|1790057259.330000,historical7d,500ms,4,PRIMARY,-2.400000000001228,True,-1.1250000000006821
historical_walkforward,historical7d|500ms|4|PRIMARY|SELL|1790086794.950000,historical7d,500ms,4,PRIMARY,-15.299999999999727,True,-2.062500000000682
historical_walkforward,historical7d|500ms|4|SECONDARY|SELL|1790050319.982000,historical7d,500ms,4,SECONDARY,-15.187499999997272,False,0.0
historical_walkforward,historical7d|500ms|4|SECONDARY|SELL|1790074221.952000,historical7d,500ms,4,SECONDARY,30.2250000000015,False,0.0
historical_walkforward,historical7d|500ms|4|SECONDARY|BUY|1790077022.458000,historical7d,500ms,4,SECONDARY,30.637500000000276,True,-3.3375000000012283
historical_walkforward,historical7d|500ms|4|SECONDARY|SELL|1790078293.477000,historical7d,500ms,4,SECONDARY,30.337500000000546,True,-0.6749999999976808
historical_walkforward,historical7d|500ms|4|MICRO|SELL|1790050280.482000,historical7d,500ms,4,MICRO,19.921874999999147,True,-3.637500000000955
historical_walkforward,historical7d|500ms|4|MICRO|BUY|1790066882.378000,historical7d,500ms,4,MICRO,11.175000000001774,True,-2.062500000000682
historical_walkforward,historical7d|500ms|4|MICRO|SELL|1790074283.993000,historical7d,500ms,4,MICRO,19.190624999998533,False,0.0
historical_walkforward,historical7d|500ms|4|MICRO|SELL|1790076713.989000,historical7d,500ms,4,MICRO,-15.03750000000082,True,-3.000000000000682
historical_walkforward,historical7d|500ms|4|MICRO|BUY|1790077062.904000,historical7d,500ms,4,MICRO,8.062499999998636,True,-2.9250000000024556
historical_walkforward,historical7d|500ms|4|MICRO|BUY|1790077316.497000,historical7d,500ms,4,MICRO,9.787500000002185,False,0.0
historical_walkforward,historical7d|500ms|4|MICRO|BUY|1790077860.457000,historical7d,500ms,4,MICRO,21.11249999999956,True,4.612499999998363
historical_walkforward,historical7d|500ms|4|MICRO|BUY|1790081566.449000,historical7d,500ms,4,MICRO,10.80000000000041,True,-0.7499999999993179
historical_walkforward,historical7d|500ms|4|MICRO|SELL|1790081758.967000,historical7d,500ms,4,MICRO,-1.0874999999998636,True,-1.0874999999998636
historical_walkforward,historical7d|500ms|4|MICRO|BUY|1790081889.859000,historical7d,500ms,4,MICRO,19.57500000000266,True,19.57500000000266
historical_walkforward,historical7d|500ms|4|BURST|BUY|1790068421.339000,historical7d,500ms,4,BURST,0.825000000000955,False,0.0
historical_walkforward,historical7d|500ms|4|BURST|SELL|1790072966.384000,historical7d,500ms,4,BURST,11.25,True,-0.3375000000005457
historical_walkforward,historical7d|500ms|4|BURST|SELL|1790075668.965000,historical7d,500ms,4,BURST,9.41250000000082,False,0.0
historical_walkforward,historical7d|500ms|4|BURST|BUY|1790076896.465000,historical7d,500ms,4,BURST,26.96250000000191,True,-1.7625000000009547
historical_walkforward,historical7d|500ms|4|BURST|BUY|1790081889.859000,historical7d,500ms,4,BURST,17.250000000001364,True,1.3875000000030013
historical_walkforward,historical7d|1s|4|PRIMARY|SELL|1790052568.997000,historical7d,1s,4,PRIMARY,-15.524999999997815,True,-0.11249999999904502
historical_walkforward,historical7d|1s|4|PRIMARY|SELL|1790057264.785000,historical7d,1s,4,PRIMARY,-2.8500000000008185,True,0.5999999999994543
historical_walkforward,historical7d|1s|4|PRIMARY|SELL|1790086813.869000,historical7d,1s,4,PRIMARY,-15.075000000001635,True,0.4499999999995907
historical_walkforward,historical7d|1s|4|SECONDARY|SELL|1790050319.982000,historical7d,1s,4,SECONDARY,-15.22499999999809,False,0.0
historical_walkforward,historical7d|1s|4|SECONDARY|BUY|1790066908.995000,historical7d,1s,4,SECONDARY,-16.83749999999918,True,-1.1249999999972715
historical_walkforward,historical7d|1s|4|SECONDARY|SELL|1790073086.955000,historical7d,1s,4,SECONDARY,-15.149999999999864,False,0.0
historical_walkforward,historical7d|1s|4|SECONDARY|SELL|1790074221.952000,historical7d,1s,4,SECONDARY,30.2250000000015,False,0.0
historical_walkforward,historical7d|1s|4|SECONDARY|BUY|1790076896.962000,historical7d,1s,4,SECONDARY,32.40000000000123,True,-1.987499999999045
historical_walkforward,historical7d|1s|4|SECONDARY|SELL|1790078293.721000,historical7d,1s,4,SECONDARY,30.48750000000041,True,-0.5249999999978172
historical_walkforward,historical7d|1s|4|SECONDARY|SELL|1790081739.948000,historical7d,1s,4,SECONDARY,-25.650000000000546,False,0.0
historical_walkforward,historical7d|1s|4|SECONDARY|SELL|1790086772.987000,historical7d,1s,4,SECONDARY,-15.262499999998909,True,-1.4250000000004093
historical_walkforward,historical7d|1s|4|MICRO|SELL|1790050280.984000,historical7d,1s,4,MICRO,19.837499999999864,True,-3.000000000000682
historical_walkforward,historical7d|1s|4|MICRO|SELL|1790074283.993000,historical7d,1s,4,MICRO,19.190624999998533,False,0.0
historical_walkforward,historical7d|1s|4|MICRO|SELL|1790076713.989000,historical7d,1s,4,MICRO,-15.03750000000082,True,-2.9624999999998636
historical_walkforward,historical7d|1s|4|MICRO|BUY|1790077062.904000,historical7d,1s,4,MICRO,8.062499999998636,True,-2.9250000000024556
historical_walkforward,historical7d|1s|4|MICRO|BUY|1790077324.903000,historical7d,1s,4,MICRO,6.637500000001637,False,0.0
historical_walkforward,historical7d|1s|4|MICRO|BUY|1790077899.910000,historical7d,1s,4,MICRO,9.899999999997815,False,0.0
historical_walkforward,historical7d|1s|4|MICRO|BUY|1790081569.965000,historical7d,1s,4,MICRO,8.100000000002865,False,0.0
historical_walkforward,historical7d|1s|4|MICRO|SELL|1790081758.967000,historical7d,1s,4,MICRO,-0.7499999999993179,True,-0.7499999999993179
historical_walkforward,historical7d|1s|4|MICRO|BUY|1790081889.859000,historical7d,1s,4,MICRO,20.315625000002623,True,2.137500000002319
historical_walkforward,historical7d|1s|4|BURST|SELL|1790072966.969000,historical7d,1s,4,BURST,10.425000000002456,True,0.11250000000245562
historical_walkforward,historical7d|1s|4|BURST|SELL|1790075668.965000,historical7d,1s,4,BURST,8.587499999999864,False,0.0
historical_walkforward,historical7d|1s|4|BURST|BUY|1790076896.962000,historical7d,1s,4,BURST,26.887500000000276,True,-1.987499999999045
historical_walkforward,historical7d|1s|4|BURST|BUY|1790081889.859000,historical7d,1s,4,BURST,15.562500000002046,True,2.137500000002319
recent_after_first80,recent24h|500ms|0|PRIMARY|BUY|1790192053.480000,recent24h,500ms,0,PRIMARY,-5.924999999999727,True,-1.799999999998363
recent_after_first80,recent24h|500ms|0|PRIMARY|SELL|1790193765.391000,recent24h,500ms,0,PRIMARY,-15.262499999998909,True,6.975000000002183
recent_after_first80,recent24h|500ms|0|PRIMARY|SELL|1790194553.999000,recent24h,500ms,0,PRIMARY,-15.03750000000082,True,-2.062500000000682
recent_after_first80,recent24h|500ms|0|PRIMARY|SELL|1790196024.809000,recent24h,500ms,0,PRIMARY,-15.299999999999727,True,-1.4249999999969987
recent_after_first80,recent24h|500ms|0|PRIMARY|BUY|1790196504.420000,recent24h,500ms,0,PRIMARY,7.537500000000818,True,-2.5874999999984993
recent_after_first80,recent24h|500ms|0|PRIMARY|SELL|1790203082.353000,recent24h,500ms,0,PRIMARY,-12.937500000002728,False,0.0
recent_after_first80,recent24h|500ms|0|PRIMARY|BUY|1790227939.976000,recent24h,500ms,0,PRIMARY,15.487500000000413,True,1.2750000000005457
recent_after_first80,recent24h|500ms|0|PRIMARY|SELL|1790240145.917000,recent24h,500ms,0,PRIMARY,-3.562499999999318,True,-1.6874999999993177
recent_after_first80,recent24h|500ms|0|PRIMARY|SELL|1790243248.941000,recent24h,500ms,0,PRIMARY,-9.562500000000682,True,-4.162499999998772
recent_after_first80,recent24h|500ms|0|PRIMARY|BUY|1790244962.460000,recent24h,500ms,0,PRIMARY,-5.212500000001228,True,-1.1250000000006821
recent_after_first80,recent24h|500ms|0|PRIMARY|BUY|1790245996.197000,recent24h,500ms,0,PRIMARY,-15.750000000002728,False,0.0
recent_after_first80,recent24h|500ms|0|PRIMARY|SELL|1790248961.940000,recent24h,500ms,0,PRIMARY,-15.787500000000136,True,-1.274999999997135
recent_after_first80,recent24h|500ms|0|PRIMARY|SELL|1790253075.855000,recent24h,500ms,0,PRIMARY,-15.22499999999809,True,-1.1250000000006821
recent_after_first80,recent24h|500ms|0|PRIMARY|SELL|1790253804.460000,recent24h,500ms,0,PRIMARY,-15.075000000001635,False,0.0
recent_after_first80,recent24h|500ms|0|PRIMARY|SELL|1790256682.443000,recent24h,500ms,0,PRIMARY,-15.074999999998225,True,-4.537500000000136
recent_after_first80,recent24h|500ms|0|PRIMARY|BUY|1790257759.983000,recent24h,500ms,0,PRIMARY,-15.075000000001635,True,-7.837500000000545
recent_after_first80,recent24h|500ms|0|PRIMARY|SELL|1790258943.492000,recent24h,500ms,0,PRIMARY,-12.67500000000041,True,-1.2374999999997272
recent_after_first80,recent24h|500ms|0|PRIMARY|BUY|1790259744.944000,recent24h,500ms,0,PRIMARY,-15.075000000001635,True,1.1999999999989086
recent_after_first80,recent24h|500ms|0|PRIMARY|BUY|1790262741.964000,recent24h,500ms,0,PRIMARY,6.037499999998772,True,-1.3874999999995907
recent_after_first80,recent24h|500ms|0|PRIMARY|BUY|1790264524.466000,recent24h,500ms,0,PRIMARY,-15.599999999999454,False,0.0
recent_after_first80,recent24h|500ms|0|PRIMARY|SELL|1790267679.908000,recent24h,500ms,0,PRIMARY,-15.599999999999454,True,-2.174999999999727
recent_after_first80,recent24h|500ms|0|PRIMARY|SELL|1790268793.948000,recent24h,500ms,0,PRIMARY,-15.262500000002316,True,2.6999999999975444
recent_after_first80,recent24h|500ms|0|PRIMARY|SELL|1790270166.463000,recent24h,500ms,0,PRIMARY,-17.062500000000682,True,-0.6750000000010914
recent_after_first80,recent24h|500ms|0|PRIMARY|SELL|1790271201.909000,recent24h,500ms,0,PRIMARY,-15.862500000001772,False,0.0
recent_after_first80,recent24h|500ms|0|PRIMARY|SELL|1790271720.309000,recent24h,500ms,0,PRIMARY,-15.337500000000546,False,0.0
recent_after_first80,recent24h|500ms|0|PRIMARY|SELL|1790272615.978000,recent24h,500ms,0,PRIMARY,18.675000000001774,False,0.0
recent_after_first80,recent24h|500ms|0|PRIMARY|BUY|1790275454.679000,recent24h,500ms,0,PRIMARY,-5.5874999999991815,False,0.0
recent_after_first80,recent24h|500ms|0|SECONDARY|SELL|1790193767.494000,recent24h,500ms,0,SECONDARY,-15.825000000000951,True,-0.4499999999995907
recent_after_first80,recent24h|500ms|0|SECONDARY|SELL|1790194322.379000,recent24h,500ms,0,SECONDARY,-15.299999999999727,True,-2.5874999999984993
recent_after_first80,recent24h|500ms|0|SECONDARY|BUY|1790196065.932000,recent24h,500ms,0,SECONDARY,31.83749999999918,True,0.7499999999993179
recent_after_first80,recent24h|500ms|0|SECONDARY|SELL|1790230026.458000,recent24h,500ms,0,SECONDARY,-15.0,True,-0.7499999999993179
recent_after_first80,recent24h|500ms|0|SECONDARY|SELL|1790256590.481000,recent24h,500ms,0,SECONDARY,-15.974999999997408,False,0.0
recent_after_first80,recent24h|500ms|0|SECONDARY|BUY|1790270870.484000,recent24h,500ms,0,SECONDARY,-15.2250000000015,True,-1.7625000000009547
recent_after_first80,recent24h|500ms|0|MICRO|SELL|1790193767.494000,recent24h,500ms,0,MICRO,-15.825000000000951,True,-0.4499999999995907
recent_after_first80,recent24h|500ms|0|MICRO|SELL|1790194373.968000,recent24h,500ms,0,MICRO,-5.962500000000546,True,-7.012499999999591
recent_after_first80,recent24h|500ms|0|MICRO|BUY|1790196103.820000,recent24h,500ms,0,MICRO,11.437499999997272,True,0.6749999999976808
recent_after_first80,recent24h|500ms|0|MICRO|BUY|1790247697.938000,recent24h,500ms,0,MICRO,-2.887500000001637,True,-2.887500000001637
recent_after_first80,recent24h|500ms|0|MICRO|BUY|1790249523.466000,recent24h,500ms,0,MICRO,-5.325000000000273,True,-5.887499999998909
recent_after_first80,recent24h|500ms|0|MICRO|BUY|1790259382.960000,recent24h,500ms,0,MICRO,-7.387499999997544,True,-5.362499999997681
recent_after_first80,recent24h|500ms|0|MICRO|BUY|1790265166.938000,recent24h,500ms,0,MICRO,-6.412500000000136,True,-1.1999999999989086
recent_after_first80,recent24h|500ms|0|MICRO|SELL|1790271091.974000,recent24h,500ms,0,MICRO,-2.09999999999809,False,0.0
recent_after_first80,recent24h|500ms|0|BURST|SELL|1790195523.451000,recent24h,500ms,0,BURST,-0.5625000000020464,True,-0.5625000000020464
recent_after_first80,recent24h|500ms|0|BURST|BUY|1790251280.433000,recent24h,500ms,0,BURST,-0.1875000000006821,True,1.4249999999969987
recent_after_first80,recent24h|500ms|0|BURST|BUY|1790256394.957000,recent24h,500ms,0,BURST,-6.450000000000955,True,-2.737499999998363
recent_after_first80,recent24h|500ms|0|BURST|BUY|1790265168.984000,recent24h,500ms,0,BURST,-7.200000000000273,True,-0.5999999999994543
recent_after_first80,recent24h|500ms|0|BURST|SELL|1790271044.474000,recent24h,500ms,0,BURST,-3.0375000000015,True,-2.4749999999994543
recent_after_first80,recent24h|1s|0|PRIMARY|BUY|1790192053.982000,recent24h,1s,0,PRIMARY,-6.187500000002047,True,-1.875
recent_after_first80,recent24h|1s|0|PRIMARY|SELL|1790193767.991000,recent24h,1s,0,PRIMARY,-15.2250000000015,True,-3.937500000000682
recent_after_first80,recent24h|1s|0|PRIMARY|SELL|1790194365.969000,recent24h,1s,0,PRIMARY,-15.0,True,-1.5374999999994543
recent_after_first80,recent24h|1s|0|PRIMARY|SELL|1790196024.809000,recent24h,1s,0,PRIMARY,-15.299999999999727,True,-1.3499999999987722
recent_after_first80,recent24h|1s|0|PRIMARY|BUY|1790196504.922000,recent24h,1s,0,PRIMARY,7.050000000000408,True,-2.624999999999318
recent_after_first80,recent24h|1s|0|PRIMARY|SELL|1790203082.952000,recent24h,1s,0,PRIMARY,-12.67500000000041,False,0.0
recent_after_first80,recent24h|1s|0|PRIMARY|BUY|1790227939.976000,recent24h,1s,0,PRIMARY,15.749999999999318,True,1.950000000001637
recent_after_first80,recent24h|1s|0|PRIMARY|SELL|1790243248.941000,recent24h,1s,0,PRIMARY,-9.562500000000682,True,-3.7875000000008185
recent_after_first80,recent24h|1s|0|PRIMARY|BUY|1790244962.708000,recent24h,1s,0,PRIMARY,-4.162500000002183,True,-1.4250000000004093
recent_after_first80,recent24h|1s|0|PRIMARY|BUY|1790245996.197000,recent24h,1s,0,PRIMARY,-15.750000000002728,False,0.0
recent_after_first80,recent24h|1s|0|PRIMARY|SELL|1790248961.940000,recent24h,1s,0,PRIMARY,-16.799999999998363,True,-0.6375000000002728
recent_after_first80,recent24h|1s|0|PRIMARY|SELL|1790253504.969000,recent24h,1s,0,PRIMARY,-8.250000000002728,True,-3.000000000000682
recent_after_first80,recent24h|1s|0|PRIMARY|BUY|1790257759.983000,recent24h,1s,0,PRIMARY,-15.075000000001635,True,-7.837500000000545
recent_after_first80,recent24h|1s|0|PRIMARY|BUY|1790259744.944000,recent24h,1s,0,PRIMARY,-15.375000000001364,True,1.1999999999989086
recent_after_first80,recent24h|1s|0|PRIMARY|BUY|1790262741.964000,recent24h,1s,0,PRIMARY,6.037499999998772,True,-1.5000000000020466
recent_after_first80,recent24h|1s|0|PRIMARY|SELL|1790267631.868000,recent24h,1s,0,PRIMARY,-1.4250000000004093,True,-0.7500000000027284
recent_after_first80,recent24h|1s|0|PRIMARY|SELL|1790268611.999000,recent24h,1s,0,PRIMARY,7.7250000000015,True,-2.737499999998363
recent_after_first80,recent24h|1s|0|PRIMARY|SELL|1790270166.959000,recent24h,1s,0,PRIMARY,-15.2250000000015,True,-3.3000000000004093
recent_after_first80,recent24h|1s|0|PRIMARY|SELL|1790271201.909000,recent24h,1s,0,PRIMARY,-15.862500000001772,False,0.0
recent_after_first80,recent24h|1s|0|PRIMARY|SELL|1790271720.915000,recent24h,1s,0,PRIMARY,-15.149999999999864,False,0.0
recent_after_first80,recent24h|1s|0|PRIMARY|SELL|1790272615.978000,recent24h,1s,0,PRIMARY,18.675000000001774,False,0.0
recent_after_first80,recent24h|1s|0|PRIMARY|BUY|1790275457.985000,recent24h,1s,0,PRIMARY,-7.200000000000273,True,-0.9375
recent_after_first80,recent24h|1s|0|SECONDARY|SELL|1790193767.991000,recent24h,1s,0,SECONDARY,-15.2250000000015,True,-3.937500000000682
recent_after_first80,recent24h|1s|0|SECONDARY|BUY|1790196065.932000,recent24h,1s,0,SECONDARY,31.83749999999918,True,-0.6749999999976808
recent_after_first80,recent24h|1s|0|SECONDARY|SELL|1790230026.655000,recent24h,1s,0,SECONDARY,-15.487500000000413,False,0.0
recent_after_first80,recent24h|1s|0|SECONDARY|BUY|1790251279.973000,recent24h,1s,0,SECONDARY,-15.97500000000082,True,1.8374999999991812
recent_after_first80,recent24h|1s|0|SECONDARY|SELL|1790256642.971000,recent24h,1s,0,SECONDARY,-16.575000000000273,True,-5.774999999999864
recent_after_first80,recent24h|1s|0|SECONDARY|BUY|1790264485.926000,recent24h,1s,0,SECONDARY,30.0,False,0.0
recent_after_first80,recent24h|1s|0|SECONDARY|BUY|1790267949.875000,recent24h,1s,0,SECONDARY,-15.262499999998909,False,0.0
recent_after_first80,recent24h|1s|0|SECONDARY|SELL|1790269786.987000,recent24h,1s,0,SECONDARY,5.437499999999318,True,-9.037500000002865
recent_after_first80,recent24h|1s|0|SECONDARY|SELL|1790272621.992000,recent24h,1s,0,SECONDARY,30.074999999998223,True,-1.1250000000006821
recent_after_first80,recent24h|1s|0|MICRO|SELL|1790193767.991000,recent24h,1s,0,MICRO,-15.2250000000015,True,-3.937500000000682
recent_after_first80,recent24h|1s|0|MICRO|SELL|1790194373.968000,recent24h,1s,0,MICRO,-5.700000000001637,True,-7.200000000000273
recent_after_first80,recent24h|1s|0|MICRO|BUY|1790196103.820000,recent24h,1s,0,MICRO,10.687499999997954,True,0.6749999999976808
recent_after_first80,recent24h|1s|0|MICRO|BUY|1790247697.938000,recent24h,1s,0,MICRO,-2.962500000003274,True,-2.7375000000017735
recent_after_first80,recent24h|1s|0|MICRO|BUY|1790249476.954000,recent24h,1s,0,MICRO,-15.562500000002046,True,0.0
recent_after_first80,recent24h|1s|0|MICRO|BUY|1790259382.960000,recent24h,1s,0,MICRO,-8.4375,True,-5.5874999999991815
recent_after_first80,recent24h|1s|0|MICRO|BUY|1790265166.938000,recent24h,1s,0,MICRO,-6.449999999997544,True,-1.1999999999989086
recent_after_first80,recent24h|1s|0|MICRO|SELL|1790271091.974000,recent24h,1s,0,MICRO,-1.9499999999982265,False,0.0
recent_after_first80,recent24h|1s|0|BURST|SELL|1790195523.912000,recent24h,1s,0,BURST,-1.2374999999997272,True,-1.2374999999997272
recent_after_first80,recent24h|1s|0|BURST|BUY|1790251280.929000,recent24h,1s,0,BURST,0.4125000000021827,True,1.012500000001637
recent_after_first80,recent24h|1s|0|BURST|BUY|1790256394.957000,recent24h,1s,0,BURST,-5.700000000001637,True,-2.737499999998363
recent_after_first80,recent24h|1s|0|BURST|BUY|1790265168.984000,recent24h,1s,0,BURST,-7.274999999998499,True,-0.5999999999994543
recent_after_first80,recent24h|1s|0|BURST|SELL|1790271044.909000,recent24h,1s,0,BURST,-2.1374999999989086,True,-1.3499999999987722
