label,trade_id,window,interval,segment_id,engine,side,entry_ts,baseline_pnl_inr,policy_exit_pnl_inr,delta_exit_vs_legacy_inr,model_exit,model_exit_hold_sec,first_exit_predicted_continuation_ev_inr,legacy_mfe_usd,legacy_mae_usd,legacy_exit_reason
historical_walkforward,historical7d|1s|1|BURST|BUY|1789745637.991000,historical7d,1s,1,BURST,BUY,1789745637.9910002,-1.6874999999993177,-0.22500000000150064,1.462499999997817,True,5.86299991607666,-4.383295507307913,0.7100000000000364,-0.5100000000002183,momentum_zero_cross
historical_walkforward,historical7d|1s|1|BURST|SELL|1789743770.854000,historical7d,1s,1,BURST,SELL,1789743770.854,1.2750000000005457,1.2750000000005457,0.0,False,41.117999792099,5.913623787735596,1.269999999999527,-0.1599999999998544,momentum_zero_cross
historical_walkforward,historical7d|1s|1|BURST|SELL|1789743964.941000,historical7d,1s,1,BURST,SELL,1789743964.941,-1.762499999997544,-1.762499999997544,0.0,False,29.05400013923645,3.049809197799173,0.4200000000000727,-0.6899999999995998,momentum_zero_cross
historical_walkforward,historical7d|1s|1|BURST|SELL|1789744809.936000,historical7d,1s,1,BURST,SELL,1789744809.936,-0.1499999999998635,0.7125000000019099,0.8625000000017734,True,5.9670000076293945,-10.332020843911396,0.5399999999999636,-1.050000000000182,momentum_zero_cross
historical_walkforward,historical7d|1s|1|BURST|SELL|1789745007.815000,historical7d,1s,1,BURST,SELL,1789745007.815,3.787499999997408,3.787499999997408,0.0,False,47.17499995231629,4.251439445497004,1.3800000000001091,-0.1700000000000727,momentum_zero_cross
historical_walkforward,historical7d|1s|1|BURST|SELL|1789745230.877000,historical7d,1s,1,BURST,SELL,1789745230.877,-2.250000000001364,-4.237500000000409,-1.9874999999990455,True,5.121999979019165,-4.036972012377687,0.9799999999995634,-2.130000000000109,momentum_zero_cross
historical_walkforward,historical7d|1s|1|MICRO|BUY|1789745476.976000,historical7d,1s,1,MICRO,BUY,1789745476.976,22.462500000000038,1.6499999999984993,-20.81250000000154,True,5.015000104904175,-0.26989480102968216,9.30999999999949,-0.949999999999818,trail
historical_walkforward,historical7d|1s|1|MICRO|BUY|1789747502.958000,historical7d,1s,1,MICRO,BUY,1789747502.9580002,-4.162499999998772,-3.3000000000004093,0.8624999999983629,True,5.005999803543091,-3.3877709739201487,0.0,-1.1099999999996726,momentum_zero_cross
historical_walkforward,historical7d|1s|1|MICRO|BUY|1789753891.955000,historical7d,1s,1,MICRO,BUY,1789753891.9550002,-4.275000000001228,-1.875,2.400000000001228,True,6.001999855041504,-5.600689256410358,0.0,-1.5399999999999636,stagnation
historical_walkforward,historical7d|1s|1|MICRO|BUY|1789759757.975000,historical7d,1s,1,MICRO,BUY,1789759757.975,24.10312499999833,0.3374999999971351,-23.765625000001194,True,5.998000144958496,-8.847016738189645,9.179999999999382,-0.1300000000001091,trail
historical_walkforward,historical7d|1s|1|MICRO|SELL|1789744843.990000,historical7d,1s,1,MICRO,SELL,1789744843.99,25.49999999999983,0.4499999999995907,-25.05000000000024,True,5.006999969482422,-8.595511427461657,10.100000000000364,-0.4099999999998545,take_profit
historical_walkforward,historical7d|1s|1|MICRO|SELL|1789747390.945000,historical7d,1s,1,MICRO,SELL,1789747390.945,-10.612499999999727,-4.499999999999318,6.112500000000409,True,5.01200008392334,-3.2425662597181164,0.0,-3.1099999999996726,stagnation
historical_walkforward,historical7d|1s|1|MICRO|SELL|1789751983.954000,historical7d,1s,1,MICRO,SELL,1789751983.9539998,1.6874999999993177,-1.950000000001637,-3.637500000000955,True,6.009000301361084,-3.6889444060725203,0.4499999999998181,-0.9700000000002548,stagnation
historical_walkforward,historical7d|1s|1|PRIMARY|BUY|1789747214.968000,historical7d,1s,1,PRIMARY,BUY,1789747214.968,-12.037500000000136,0.29999999999972715,12.337499999999864,True,5.011000156402588,-11.064533876833522,2.5799999999999272,-3.2100000000000364,momentum_zero_cross
historical_walkforward,historical7d|1s|1|PRIMARY|BUY|1789753819.984000,historical7d,1s,1,PRIMARY,BUY,1789753819.984,4.162499999998772,0.0,-4.162499999998772,True,6.00600004196167,-5.47970027323557,5.350000000000364,-0.9399999999995998,momentum_zero_cross
historical_walkforward,historical7d|1s|1|PRIMARY|BUY|1789758585.943000,historical7d,1s,1,PRIMARY,BUY,1789758585.943,-0.112499999999045,-1.4250000000004093,-1.3125000000013642,True,5.008999824523926,-6.86766855631687,4.510000000000218,-0.9600000000000364,momentum_zero_cross
historical_walkforward,historical7d|1s|1|PRIMARY|BUY|1789759468.945000,historical7d,1s,1,PRIMARY,BUY,1789759468.945,28.050000000001774,-1.3499999999987722,-29.400000000000546,True,5.05400013923645,-6.971118000560146,12.539999999999964,-3.979999999999563,max_hold
historical_walkforward,historical7d|1s|1|PRIMARY|BUY|1789761354.989000,historical7d,1s,1,PRIMARY,BUY,1789761354.9889998,-5.774999999999864,-3.0749999999989086,2.700000000000955,True,6.006000280380249,-6.595926284248474,1.1000000000003638,-1.5399999999999636,momentum_zero_cross
historical_walkforward,historical7d|1s|1|PRIMARY|BUY|1789762637.884000,historical7d,1s,1,PRIMARY,BUY,1789762637.884,-8.625000000000682,-3.450000000000273,5.175000000000409,True,5.101999759674072,-3.6123635260579317,1.0099999999993088,-2.300000000000182,momentum_zero_cross
historical_walkforward,historical7d|1s|1|PRIMARY|BUY|1789763699.963000,historical7d,1s,1,PRIMARY,BUY,1789763699.963,8.362500000001774,8.362500000001774,0.0,False,900.0160000324249,33.03656297535418,3.6200000000008,-0.8799999999991996,max_hold
historical_walkforward,historical7d|1s|1|PRIMARY|SELL|1789742547.998000,historical7d,1s,1,PRIMARY,SELL,1789742547.998,5.84999999999809,-0.41250000000218273,-6.262500000000273,True,5.6549999713897705,-1.846338892192256,3.2299999999995634,-0.6500000000005457,momentum_zero_cross
historical_walkforward,historical7d|1s|1|PRIMARY|SELL|1789743963.942000,historical7d,1s,1,PRIMARY,SELL,1789743963.9420002,20.999999999997957,0.11249999999904502,-20.887499999998912,True,10.013999938964844,-1.2483886383087053,5.599999999999454,-3.850000000000364,max_hold
historical_walkforward,historical7d|1s|1|PRIMARY|SELL|1789745356.959000,historical7d,1s,1,PRIMARY,SELL,1789745356.959,-15.112499999999043,-1.5000000000020466,13.612499999996997,True,5.703000068664551,-4.930073764275876,0.0,-4.029999999999745,emergency_stop
historical_walkforward,historical7d|1s|1|PRIMARY|SELL|1789749091.967000,historical7d,1s,1,PRIMARY,SELL,1789749091.967,20.88749999999891,-0.5999999999994543,-21.487499999998363,True,6.003999948501587,-2.0546510861804914,9.63000000000011,-0.8500000000003638,max_hold
historical_walkforward,historical7d|1s|1|PRIMARY|SELL|1789750451.994000,historical7d,1s,1,PRIMARY,SELL,1789750451.994,-15.262499999998909,-1.3499999999987722,13.912500000000136,True,5.956000089645386,-4.871671541388988,2.539999999999964,-4.069999999999709,emergency_stop
historical_walkforward,historical7d|1s|1|PRIMARY|SELL|1789752032.955000,historical7d,1s,1,PRIMARY,SELL,1789752032.9550002,-15.637500000000273,3.9750000000015007,19.612500000001774,True,5.003999948501587,-5.775192120923348,2.8299999999999272,-4.170000000000073,emergency_stop
historical_walkforward,historical7d|1s|1|PRIMARY|SELL|1789767860.959000,historical7d,1s,1,PRIMARY,SELL,1789767860.959,-3.4875000000010914,-1.4250000000004093,2.062500000000682,True,5.959000110626221,-20.050522263303815,1.819999999999709,-0.930000000000291,momentum_zero_cross
historical_walkforward,historical7d|1s|1|SECONDARY|BUY|1789745633.986000,historical7d,1s,1,SECONDARY,BUY,1789745633.9859998,-6.78749999999809,-0.11249999999904502,6.674999999999045,True,5.855999946594238,-0.13714961564492523,3.8299999999999272,-2.679999999999381,max_hold
historical_walkforward,historical7d|1s|1|SECONDARY|BUY|1789747264.982000,historical7d,1s,1,SECONDARY,BUY,1789747264.982,-15.112499999999043,-2.9624999999998636,12.14999999999918,True,6.013000011444092,-6.4516765683210355,0.0,-4.029999999999745,emergency_stop
historical_walkforward,historical7d|1s|1|SECONDARY|BUY|1789747489.987000,historical7d,1s,1,SECONDARY,BUY,1789747489.987,-15.037499999997408,2.6250000000027285,17.662500000000136,True,5.009999990463257,-8.739725447329889,5.030000000000655,-4.009999999999309,emergency_stop
historical_walkforward,historical7d|1s|1|SECONDARY|BUY|1789753886.994000,historical7d,1s,1,SECONDARY,BUY,1789753886.994,-16.91250000000082,-0.7499999999993179,16.1625000000015,True,5.705000162124634,-5.22770451882421,0.8400000000001455,-4.510000000000218,emergency_stop
historical_walkforward,historical7d|1s|1|SECONDARY|BUY|1789757067.989000,historical7d,1s,1,SECONDARY,BUY,1789757067.9889998,6.862499999999726,1.1625000000015007,-5.699999999998226,True,5.958000183105469,-6.516365437739329,3.050000000000182,-2.6400000000003274,max_hold
historical_walkforward,historical7d|1s|1|SECONDARY|BUY|1789759757.975000,historical7d,1s,1,SECONDARY,BUY,1789759757.975,31.649999999998496,0.3374999999971351,-31.31250000000136,True,5.998000144958496,-8.847016738189645,8.4399999999996,-0.1300000000001091,take_profit
historical_walkforward,historical7d|1s|1|SECONDARY|BUY|1789763657.914000,historical7d,1s,1,SECONDARY,BUY,1789763657.9139998,8.6625000000015,19.125000000001364,10.462499999999864,True,970.900000333786,-0.055859564160672726,5.149999999999636,-1.1300000000001091,max_hold
historical_walkforward,historical7d|1s|1|SECONDARY|SELL|1789744804.983000,historical7d,1s,1,SECONDARY,SELL,1789744804.983,30.975000000000826,1.6874999999993177,-29.287500000001508,True,5.505999803543091,-8.754502836506495,8.260000000000218,-0.819999999999709,take_profit
historical_walkforward,historical7d|1s|1|SECONDARY|SELL|1789745230.877000,historical7d,1s,1,SECONDARY,SELL,1789745230.877,-15.299999999999727,-4.237500000000409,11.062499999999318,True,5.121999979019165,-4.036972012377687,0.9799999999995634,-4.079999999999927,emergency_stop
historical_walkforward,historical7d|1s|1|SECONDARY|SELL|1789749423.992000,historical7d,1s,1,SECONDARY,SELL,1789749423.992,-16.38749999999959,-3.450000000000273,12.937499999999318,True,5.000999927520752,-4.270380650872293,0.0,-4.369999999999891,emergency_stop
historical_walkforward,historical7d|1s|1|SECONDARY|SELL|1789749772.999000,historical7d,1s,1,SECONDARY,SELL,1789749772.999,-15.9375,-5.549999999998363,10.387500000001637,True,5.799999952316284,-4.627795399598322,0.0,-4.25,emergency_stop
historical_walkforward,historical7d|1s|1|SECONDARY|SELL|1789751974.950000,historical7d,1s,1,SECONDARY,SELL,1789751974.95,-15.337500000000546,1.4250000000004093,16.762500000000955,True,6.006999969482422,-5.6359291198337305,5.4399999999996,-4.0900000000001455,emergency_stop
historical_walkforward,historical7d|1s|2|BURST|BUY|1789963653.855000,historical7d,1s,2,BURST,BUY,1789963653.855,-2.8125,-0.14999999999986358,2.6625000000001364,True,5.108999967575073,-0.8110201850138025,0.25,-1.0,momentum_zero_cross
historical_walkforward,historical7d|1s|2|BURST|BUY|1789984997.647000,historical7d,1s,2,BURST,BUY,1789984997.647,2.6250000000027285,-1.4999999999986358,-4.125000000001364,True,5.165999889373779,-3.275031603714801,1.8800000000001087,-0.9399999999995998,momentum_zero_cross
historical_walkforward,historical7d|1s|2|MICRO|BUY|1789963644.742000,historical7d,1s,2,MICRO,BUY,1789963644.742,-4.387499999996862,-4.387499999996862,0.0,False,299.25600004196167,1.7404704949097107,2.740000000000691,-1.1699999999991633,momentum_zero_cross
historical_walkforward,historical7d|1s|2|MICRO|BUY|1789985709.510000,historical7d,1s,2,MICRO,BUY,1789985709.5100002,-11.362499999999043,-1.5374999999994543,9.824999999999589,True,5.061999797821045,-1.2292503311247183,0.4099999999998545,-3.590000000000145,momentum_zero_cross
historical_walkforward,historical7d|1s|2|PRIMARY|BUY|1789963659.366000,historical7d,1s,2,PRIMARY,BUY,1789963659.3660002,-6.862499999999726,-0.9375,5.924999999999726,True,5.154999732971191,-4.767897758588288,4.039999999999964,-3.729999999999563,max_hold
historical_walkforward,historical7d|1s|2|PRIMARY|SELL|1789967510.961000,historical7d,1s,2,PRIMARY,SELL,1789967510.961,14.512499999999587,-1.5750000000002728,-16.08749999999986,True,6.749000072479248,-0.4611601925956589,8.699999999999818,-1.9699999999993447,max_hold
historical_walkforward,historical7d|1s|2|PRIMARY|SELL|1789968909.746000,historical7d,1s,2,PRIMARY,SELL,1789968909.7459998,-6.599999999997408,-5.8124999999972715,0.7875000000001364,True,5.24500036239624,-4.0328849088530205,2.430000000000291,-3.9299999999993815,max_hold
historical_walkforward,historical7d|1s|2|PRIMARY|SELL|1789993811.904000,historical7d,1s,2,PRIMARY,SELL,1789993811.904,-9.524999999999864,-1.4624999999978172,8.062500000002046,True,5.06499981880188,-3.537712048143725,5.3200000000006185,-2.949999999999818,max_hold
historical_walkforward,historical7d|1s|2|SECONDARY|SELL|1789968692.959000,historical7d,1s,2,SECONDARY,SELL,1789968692.959,-4.275000000001228,1.6874999999993177,5.962500000000546,True,5.009999752044678,-5.893966857955325,3.149999999999636,-3.2100000000000364,max_hold
historical_walkforward,historical7d|1s|2|SECONDARY|SELL|1789970946.954000,historical7d,1s,2,SECONDARY,SELL,1789970946.9539998,-15.374999999997954,-3.9374999999972715,11.437500000000682,True,5.7260003089904785,-0.5310373876485701,0.0,-4.099999999999454,emergency_stop
historical_walkforward,historical7d|1s|2|SECONDARY|SELL|1789984832.975000,historical7d,1s,2,SECONDARY,SELL,1789984832.975,-15.487500000000413,-0.8625000000017735,14.62499999999864,True,5.968000173568726,-0.2256355690699874,2.430000000000291,-4.130000000000109,emergency_stop
historical_walkforward,historical7d|1s|3|BURST|BUY|1790006264.808000,historical7d,1s,3,BURST,BUY,1790006264.808,3.225000000002183,3.225000000002183,0.0,False,78.03199982643127,3.3006360397952115,2.2100000000000364,-1.5499999999992724,momentum_zero_cross
historical_walkforward,historical7d|1s|3|BURST|SELL|1790012063.960000,historical7d,1s,3,BURST,SELL,1790012063.96,2.3625000000004093,0.0,-2.3625000000004093,True,6.004999876022339,-0.7660787799423032,2.0,-0.4399999999995998,momentum_zero_cross
historical_walkforward,historical7d|1s|3|BURST|SELL|1790018048.984000,historical7d,1s,3,BURST,SELL,1790018048.984,-5.512500000000955,-3.2249999999987717,2.2875000000021832,True,5.761999845504761,-0.9368409729849402,0.0,-1.6199999999998909,momentum_zero_cross
historical_walkforward,historical7d|1s|3|BURST|SELL|1790022664.515000,historical7d,1s,3,BURST,SELL,1790022664.515,-1.9499999999982265,-0.29999999999972715,1.6499999999984993,True,5.1559998989105225,-2.055246223902136,0.8699999999998909,-0.7399999999997817,momentum_zero_cross
historical_walkforward,historical7d|1s|3|MICRO|BUY|1790006334.971000,historical7d,1s,3,MICRO,BUY,1790006334.971,-7.200000000000273,-7.200000000000273,0.0,False,45.98700022697449,4.700275363248821,0.0,-2.289999999999964,stagnation
historical_walkforward,historical7d|1s|3|MICRO|SELL|1790004086.949000,historical7d,1s,3,MICRO,SELL,1790004086.949,19.04062500000037,-0.6375000000002728,-19.678125000000644,True,5.009000301361084,-1.7347403905754681,5.5900000000001455,-0.6700000000000728,trail
historical_walkforward,historical7d|1s|3|MICRO|SELL|1790010323.947000,historical7d,1s,3,MICRO,SELL,1790010323.947,-15.562499999998636,-2.09999999999809,13.462500000000546,True,5.006999731063843,-5.163763383492621,2.5600000000004,-4.149999999999636,emergency_stop
historical_walkforward,historical7d|1s|3|PRIMARY|BUY|1790006919.970000,historical7d,1s,3,PRIMARY,BUY,1790006919.9699998,9.82499999999959,-3.637500000000955,-13.462500000000546,True,10.010000228881836,-1.197091687335536,3.069999999999709,-1.1199999999998909,max_hold
historical_walkforward,historical7d|1s|3|PRIMARY|BUY|1790018369.818000,historical7d,1s,3,PRIMARY,BUY,1790018369.8179998,-16.125000000000682,-0.11249999999904502,16.012500000001637,True,5.1590001583099365,-2.7734920468135056,0.430000000000291,-4.300000000000182,emergency_stop
historical_walkforward,historical7d|1s|3|PRIMARY|SELL|1790005642.848000,historical7d,1s,3,PRIMARY,SELL,1790005642.848,-15.0,-1.3874999999995907,13.61250000000041,True,6.006999969482422,-0.4550436641304263,0.0,-4.0,emergency_stop
historical_walkforward,historical7d|1s|3|PRIMARY|SELL|1790008907.910000,historical7d,1s,3,PRIMARY,SELL,1790008907.91,-0.3375000000005457,2.8500000000008185,3.1875000000013642,True,6.049999952316284,-1.362655483518877,2.5700000000006185,-0.5100000000002183,momentum_zero_cross
historical_walkforward,historical7d|1s|3|PRIMARY|SELL|1790009590.981000,historical7d,1s,3,PRIMARY,SELL,1790009590.981,93.9750000000015,-1.8374999999991812,-95.81250000000068,True,5.006999969482422,-7.996563573442101,25.0600000000004,-0.8800000000001091,take_profit
historical_walkforward,historical7d|1s|3|SECONDARY|BUY|1790006952.976000,historical7d,1s,3,SECONDARY,BUY,1790006952.976,0.5624999999986358,-1.5000000000020466,-2.062500000000682,True,5.006999969482422,-0.1899567702176733,4.739999999999782,-3.090000000000145,max_hold
historical_walkforward,historical7d|1s|3|SECONDARY|SELL|1790004286.924000,historical7d,1s,3,SECONDARY,SELL,1790004286.924,-15.71250000000191,-3.000000000000682,12.712500000001228,True,5.052000045776367,-1.6406371795892352,4.170000000000073,-4.190000000000509,emergency_stop
historical_walkforward,historical7d|1s|3|SECONDARY|SELL|1790008359.963000,historical7d,1s,3,SECONDARY,SELL,1790008359.963,9.487500000002456,-1.4250000000004093,-10.912500000002865,True,5.996999979019165,-4.605700163229207,5.700000000000728,-1.639999999999418,max_hold
historical_walkforward,historical7d|1s|3|SECONDARY|SELL|1790010044.954000,historical7d,1s,3,SECONDARY,SELL,1790010044.9539998,31.01250000000164,-4.612499999998363,-35.625,True,6.006000280380249,-6.900077643889006,8.270000000000437,-1.819999999999709,take_profit
historical_walkforward,historical7d|1s|4|BURST|BUY|1790076896.962000,historical7d,1s,4,BURST,BUY,1790076896.962,26.887500000000276,-1.987499999999045,-28.87499999999932,True,6.011000156402588,-1.5399801116142755,7.170000000000073,-0.7799999999997453,max_hold
historical_walkforward,historical7d|1s|4|BURST|BUY|1790081889.859000,historical7d,1s,4,BURST,BUY,1790081889.859,15.562500000002046,2.137500000002319,-13.424999999999727,True,6.101000070571899,-1.1841176780276534,6.130000000000109,-0.1899999999995998,momentum_zero_cross
historical_walkforward,historical7d|1s|4|BURST|SELL|1790072966.969000,historical7d,1s,4,BURST,SELL,1790072966.969,10.425000000002456,0.11250000000245562,-10.3125,True,11.01199984550476,-1.8123711432110152,3.6700000000000728,-0.7999999999992724,momentum_zero_cross
historical_walkforward,historical7d|1s|4|BURST|SELL|1790075668.965000,historical7d,1s,4,BURST,SELL,1790075668.965,8.587499999999864,0.1875000000006821,-8.399999999999181,True,5.906000137329102,-0.7755580223606927,2.6099999999996726,-1.5,momentum_zero_cross
historical_walkforward,historical7d|1s|4|MICRO|BUY|1790077062.904000,historical7d,1s,4,MICRO,BUY,1790077062.904,8.062499999998636,-2.9250000000024556,-10.987500000001091,True,5.062999963760376,-1.2620975612921144,4.199999999999818,-2.1900000000005093,trail
historical_walkforward,historical7d|1s|4|MICRO|BUY|1790077324.903000,historical7d,1s,4,MICRO,BUY,1790077324.903,6.637500000001637,-1.4999999999986358,-8.137500000000273,True,5.05899977684021,-0.4242807882162594,4.010000000000218,-2.449999999999818,trail
historical_walkforward,historical7d|1s|4|MICRO|BUY|1790077899.910000,historical7d,1s,4,MICRO,BUY,1790077899.91,9.899999999997815,9.899999999997815,0.0,False,349.9229998588562,8.886428567810546,4.949999999999818,-0.5900000000001455,trail
historical_walkforward,historical7d|1s|4|MICRO|BUY|1790081569.965000,historical7d,1s,4,MICRO,BUY,1790081569.965,8.100000000002865,-4.162499999998772,-12.262500000001637,True,5.96399998664856,-5.23068050027885,4.190000000000509,-2.699999999999818,trail
historical_walkforward,historical7d|1s|4|MICRO|BUY|1790081889.859000,historical7d,1s,4,MICRO,BUY,1790081889.859,20.315625000002623,2.137500000002319,-18.178125000000303,True,6.101000070571899,-0.8484433157658554,6.130000000000109,-0.1899999999995998,trail
historical_walkforward,historical7d|1s|4|MICRO|SELL|1790050280.984000,historical7d,1s,4,MICRO,SELL,1790050280.984,19.837499999999864,-3.000000000000682,-22.837500000000546,True,5.814000129699707,-1.641619114866559,6.279999999999745,-1.6199999999998909,trail
historical_walkforward,historical7d|1s|4|MICRO|SELL|1790074283.993000,historical7d,1s,4,MICRO,SELL,1790074283.993,19.190624999998533,-1.2374999999997272,-20.42812499999826,True,5.91100001335144,-1.6059028422518076,5.949999999999818,-0.6300000000001091,trail
historical_walkforward,historical7d|1s|4|MICRO|SELL|1790076713.989000,historical7d,1s,4,MICRO,SELL,1790076713.9889998,-15.03750000000082,-2.9624999999998636,12.075000000000957,True,5.961000204086304,-1.2925668815994196,0.8299999999999272,-4.010000000000218,emergency_stop
historical_walkforward,historical7d|1s|4|PRIMARY|SELL|1790052568.997000,historical7d,1s,4,PRIMARY,SELL,1790052568.997,-15.524999999997815,-0.11249999999904502,15.41249999999877,True,5.650000095367432,-1.9450680597219092,1.050000000000182,-4.139999999999418,emergency_stop
historical_walkforward,historical7d|1s|4|PRIMARY|SELL|1790057264.785000,historical7d,1s,4,PRIMARY,SELL,1790057264.7849998,-2.8500000000008185,0.5999999999994543,3.450000000000273,True,5.206000328063965,-0.11504316706930919,2.100000000000364,-0.7600000000002183,momentum_zero_cross
historical_walkforward,historical7d|1s|4|PRIMARY|SELL|1790086813.869000,historical7d,1s,4,PRIMARY,SELL,1790086813.869,-15.075000000001635,0.4499999999995907,15.525000000001226,True,5.059000015258789,-0.7514724993638887,0.5099999999993088,-4.020000000000437,emergency_stop
historical_walkforward,historical7d|1s|4|SECONDARY|BUY|1790066908.995000,historical7d,1s,4,SECONDARY,BUY,1790066908.995,-16.83749999999918,-1.1249999999972715,15.71250000000191,True,10.716000080108643,-1.3549506633518094,3.410000000000764,-4.489999999999782,emergency_stop
historical_walkforward,historical7d|1s|4|SECONDARY|BUY|1790076896.962000,historical7d,1s,4,SECONDARY,BUY,1790076896.962,32.40000000000123,-1.987499999999045,-34.38750000000027,True,6.011000156402588,-1.732642755328364,8.640000000000327,-0.7799999999997453,take_profit
historical_walkforward,historical7d|1s|4|SECONDARY|SELL|1790050319.982000,historical7d,1s,4,SECONDARY,SELL,1790050319.982,-15.22499999999809,-3.3749999999986353,11.849999999999454,True,5.003999710083008,-1.9155372266492323,0.0,-4.059999999999491,emergency_stop
historical_walkforward,historical7d|1s|4|SECONDARY|SELL|1790073086.955000,historical7d,1s,4,SECONDARY,SELL,1790073086.9550002,-15.149999999999864,-2.399999999997817,12.750000000002046,True,6.0169997215271,-2.922679715317592,1.449999999999818,-4.039999999999964,emergency_stop
historical_walkforward,historical7d|1s|4|SECONDARY|SELL|1790074221.952000,historical7d,1s,4,SECONDARY,SELL,1790074221.952,30.2250000000015,-2.0624999999972715,-32.28749999999877,True,5.006000280380249,-3.784249840078501,8.0600000000004,-0.7199999999993452,take_profit
historical_walkforward,historical7d|1s|4|SECONDARY|SELL|1790078293.721000,historical7d,1s,4,SECONDARY,SELL,1790078293.721,30.48750000000041,-0.5249999999978172,-31.012499999998226,True,5.210999965667725,-2.0798259290009775,8.13000000000011,-1.7599999999993088,take_profit
historical_walkforward,historical7d|1s|4|SECONDARY|SELL|1790081739.948000,historical7d,1s,4,SECONDARY,SELL,1790081739.948,-25.650000000000546,-1.2750000000005457,24.375,True,10.960999965667725,-1.649316506409936,1.7700000000004366,-6.8400000000001455,emergency_stop
historical_walkforward,historical7d|1s|4|SECONDARY|SELL|1790086772.987000,historical7d,1s,4,SECONDARY,SELL,1790086772.987,-15.262499999998909,-1.4250000000004093,13.8374999999985,True,5.006999969482422,-1.5474817283092972,0.0299999999997453,-4.069999999999709,emergency_stop
historical_walkforward,historical7d|500ms|1|BURST|BUY|1789745637.991000,historical7d,500ms,1,BURST,BUY,1789745637.9910002,-1.1625000000015009,-0.22500000000150064,0.9375000000000002,True,5.507999897003174,-2.760076168757577,0.7399999999997817,-0.6599999999998545,momentum_zero_cross
historical_walkforward,historical7d|500ms|1|BURST|SELL|1789743967.948000,historical7d,500ms,1,BURST,SELL,1789743967.948,-2.0624999999972715,-2.0624999999972715,0.0,False,26.04700016975403,2.2560740417974747,0.3400000000001455,-0.7699999999995271,momentum_zero_cross
historical_walkforward,historical7d|500ms|1|BURST|SELL|1789744809.490000,historical7d,500ms,1,BURST,SELL,1789744809.4899998,0.0,-0.7125000000019099,-0.7125000000019099,True,5.006000280380249,-10.007611563405186,0.6399999999994179,-0.9500000000007276,momentum_zero_cross
historical_walkforward,historical7d|500ms|1|BURST|SELL|1789745006.214000,historical7d,500ms,1,BURST,SELL,1789745006.2140002,2.962499999999864,3.562499999999318,0.5999999999994539,True,5.258999824523926,-2.8206727607519606,1.5100000000002185,-0.0699999999997089,momentum_zero_cross
historical_walkforward,historical7d|500ms|1|BURST|SELL|1789745230.877000,historical7d,500ms,1,BURST,SELL,1789745230.877,-3.937500000000682,-4.237500000000409,-0.29999999999972715,True,5.121999979019165,-4.036972012377687,1.0100000000002185,-2.130000000000109,momentum_zero_cross
historical_walkforward,historical7d|500ms|1|BURST|SELL|1789751987.461000,historical7d,500ms,1,BURST,SELL,1789751987.461,10.424999999999043,-2.2500000000013642,-12.675000000000407,True,5.003999948501587,-2.620016375102529,3.949999999999818,-0.8699999999998909,momentum_zero_cross
historical_walkforward,historical7d|500ms|1|MICRO|BUY|1789745476.022000,historical7d,500ms,1,MICRO,BUY,1789745476.022,22.59374999999949,1.2374999999997272,-21.35624999999976,True,5.9690001010894775,-1.6983628815125584,9.25,-1.4099999999998545,trail
historical_walkforward,historical7d|500ms|1|MICRO|BUY|1789747494.997000,historical7d,500ms,1,MICRO,BUY,1789747494.997,-1.7250000000001364,0.5249999999978172,2.2499999999979536,True,5.460000038146973,-3.4764115521878036,0.569999999999709,-0.6400000000003274,momentum_zero_cross
historical_walkforward,historical7d|500ms|1|MICRO|BUY|1789753891.457000,historical7d,500ms,1,MICRO,BUY,1789753891.457,-4.162499999998772,-1.9499999999982265,2.2125000000005457,True,5.448999881744385,-2.427377972992591,0.0200000000004365,-1.5099999999993088,stagnation
historical_walkforward,historical7d|500ms|1|MICRO|BUY|1789759757.975000,historical7d,500ms,1,MICRO,BUY,1789759757.975,24.43124999999867,-0.07500000000163709,-24.506250000000307,True,5.348999977111816,-5.260374968404009,9.179999999999382,-0.180000000000291,trail
historical_walkforward,historical7d|500ms|1|MICRO|SELL|1789744843.990000,historical7d,500ms,1,MICRO,SELL,1789744843.99,25.49999999999983,0.4499999999995907,-25.05000000000024,True,5.006999969482422,-8.595511427461657,10.100000000000364,-0.4099999999998545,take_profit
historical_walkforward,historical7d|500ms|1|MICRO|SELL|1789747384.487000,historical7d,500ms,1,MICRO,SELL,1789747384.487,-4.6499999999991815,-3.0374999999980896,1.6125000000010918,True,5.009999990463257,-4.356235958719873,0.0,-2.149999999999636,stagnation
historical_walkforward,historical7d|500ms|1|PRIMARY|BUY|1789747212.315000,historical7d,500ms,1,PRIMARY,BUY,1789747212.315,-10.237499999998365,1.012500000001637,11.250000000000002,True,5.164000034332275,-9.060411509585203,3.0600000000004,-2.7299999999995634,momentum_zero_cross
historical_walkforward,historical7d|500ms|1|PRIMARY|BUY|1789753818.487000,historical7d,500ms,1,PRIMARY,BUY,1789753818.487,5.212499999997817,-1.3874999999995907,-6.599999999997408,True,5.001999855041504,-3.897119059266957,5.639999999999418,-0.6599999999998545,momentum_zero_cross
historical_walkforward,historical7d|500ms|1|PRIMARY|BUY|1789758584.742000,historical7d,500ms,1,PRIMARY,BUY,1789758584.742,0.7499999999993179,-0.9375,-1.6874999999993179,True,10.214999914169312,-6.83214277409862,4.739999999999782,-0.7300000000004729,momentum_zero_cross
historical_walkforward,historical7d|500ms|1|PRIMARY|BUY|1789759468.945000,historical7d,500ms,1,PRIMARY,BUY,1789759468.945,28.050000000001774,-1.3499999999987722,-29.400000000000546,True,5.05400013923645,-6.971118000560146,12.539999999999964,-3.979999999999563,max_hold
historical_walkforward,historical7d|500ms|1|PRIMARY|BUY|1789761354.989000,historical7d,500ms,1,PRIMARY,BUY,1789761354.9889998,-5.774999999999864,-3.4124999999994543,2.3625000000004093,True,5.259999990463257,-6.9487149199943286,1.1000000000003638,-1.5799999999999272,momentum_zero_cross
historical_walkforward,historical7d|500ms|1|PRIMARY|BUY|1789762637.884000,historical7d,500ms,1,PRIMARY,BUY,1789762637.884,-7.125000000002046,-3.450000000000273,3.6750000000017735,True,5.101999759674072,-3.6123635260579317,1.0099999999993088,-1.9000000000005457,momentum_zero_cross
historical_walkforward,historical7d|500ms|1|PRIMARY|BUY|1789763699.256000,historical7d,500ms,1,PRIMARY,BUY,1789763699.256,8.512499999998226,8.512499999998226,0.0,False,900.2239999771118,32.449596415675366,3.6700000000000728,-0.8299999999999272,max_hold
historical_walkforward,historical7d|500ms|1|PRIMARY|SELL|1789742547.998000,historical7d,500ms,1,PRIMARY,SELL,1789742547.998,6.112499999996999,-0.3750000000013642,-6.487499999998363,True,5.205000162124634,-2.187989959568627,3.2299999999995634,-0.6500000000005457,momentum_zero_cross
historical_walkforward,historical7d|500ms|1|PRIMARY|SELL|1789743963.434000,historical7d,500ms,1,PRIMARY,SELL,1789743963.4339998,22.087499999997817,-0.5250000000012278,-22.612499999999045,True,5.058000326156616,-4.8751705707513775,5.889999999999418,-3.690000000000509,max_hold
historical_walkforward,historical7d|500ms|1|PRIMARY|SELL|1789745356.959000,historical7d,500ms,1,PRIMARY,SELL,1789745356.959,-15.112499999999043,-1.6874999999993177,13.424999999999725,True,5.301999807357788,-5.201654564174458,0.0,-4.029999999999745,emergency_stop
historical_walkforward,historical7d|500ms|1|PRIMARY|SELL|1789749090.464000,historical7d,500ms,1,PRIMARY,SELL,1789749090.464,19.46250000000191,-1.799999999998363,-21.262500000000273,True,5.004999876022339,-1.6824479946020108,9.650000000000546,-0.8799999999991996,max_hold
historical_walkforward,historical7d|500ms|1|PRIMARY|SELL|1789750451.994000,historical7d,500ms,1,PRIMARY,SELL,1789750451.994,-15.337500000000546,-1.0124999999982265,14.32500000000232,True,5.503999948501587,-5.0168699756955215,2.5600000000004,-4.0900000000001455,emergency_stop
historical_walkforward,historical7d|500ms|1|PRIMARY|SELL|1789752032.405000,historical7d,500ms,1,PRIMARY,SELL,1789752032.405,-15.412500000002185,3.6749999999983625,19.087500000000546,True,5.052999973297119,-5.294623981861938,2.889999999999418,-4.110000000000582,emergency_stop
historical_walkforward,historical7d|500ms|1|PRIMARY|SELL|1789767860.959000,historical7d,500ms,1,PRIMARY,SELL,1789767860.959,-3.4875000000010914,-1.4250000000004093,2.062500000000682,True,5.959000110626221,-23.172467395846947,1.8900000000003276,-0.930000000000291,momentum_zero_cross
historical_walkforward,historical7d|500ms|1|SECONDARY|BUY|1789743897.458000,historical7d,500ms,1,SECONDARY,BUY,1789743897.458,-15.787500000000136,1.7250000000001364,17.512500000000273,True,15.026000022888184,-0.22087891183825148,2.449999999999818,-4.210000000000036,emergency_stop
historical_walkforward,historical7d|500ms|1|SECONDARY|BUY|1789747489.987000,historical7d,500ms,1,SECONDARY,BUY,1789747489.987,-15.524999999997815,2.6250000000027285,18.150000000000546,True,5.009999990463257,-8.739725447329889,5.100000000000364,-4.139999999999418,emergency_stop
historical_walkforward,historical7d|500ms|1|SECONDARY|BUY|1789757067.989000,historical7d,500ms,1,SECONDARY,BUY,1789757067.9889998,6.862499999999726,0.9375,-5.924999999999726,True,5.406000137329102,-6.0879643297825075,3.050000000000182,-2.6400000000003274,max_hold
historical_walkforward,historical7d|500ms|1|SECONDARY|BUY|1789760014.465000,historical7d,500ms,1,SECONDARY,BUY,1789760014.465,-15.375000000001364,-1.2374999999997272,14.137500000001637,True,5.395999908447266,-3.797172307212565,1.269999999999527,-4.100000000000364,emergency_stop
historical_walkforward,historical7d|500ms|1|SECONDARY|BUY|1789763657.457000,historical7d,500ms,1,SECONDARY,BUY,1789763657.457,8.512500000001637,8.512500000001637,0.0,False,1200.5209999084473,13.499155793240238,5.1899999999996,-1.1700000000000728,max_hold
historical_walkforward,historical7d|500ms|1|SECONDARY|SELL|1789744804.983000,historical7d,500ms,1,SECONDARY,SELL,1789744804.983,30.975000000000826,1.6874999999993177,-29.287500000001508,True,5.505999803543091,-8.754502836506495,8.260000000000218,-0.819999999999709,take_profit
historical_walkforward,historical7d|500ms|1|SECONDARY|SELL|1789745230.877000,historical7d,500ms,1,SECONDARY,SELL,1789745230.877,-15.862500000001772,-4.237500000000409,11.625000000001362,True,5.121999979019165,-4.036972012377687,1.0100000000002185,-4.230000000000473,emergency_stop
historical_walkforward,historical7d|500ms|1|SECONDARY|SELL|1789749423.992000,historical7d,500ms,1,SECONDARY,SELL,1789749423.992,-16.38749999999959,-3.450000000000273,12.937499999999318,True,5.000999927520752,-4.270380650872293,0.0,-4.369999999999891,emergency_stop
historical_walkforward,historical7d|500ms|1|SECONDARY|SELL|1789754302.941000,historical7d,500ms,1,SECONDARY,SELL,1789754302.941,2.1374999999989086,0.37499999999795364,-1.762500000000955,True,5.513000249862671,-6.3930448212381,2.709999999999127,-0.6700000000000728,momentum_zero_cross
historical_walkforward,historical7d|500ms|2|BURST|BUY|1789963653.855000,historical7d,500ms,2,BURST,BUY,1789963653.855,-2.58750000000191,-0.14999999999986358,2.4375000000020464,True,5.108999967575073,-0.8915370967993446,0.25,-1.0,momentum_zero_cross
historical_walkforward,historical7d|500ms|2|BURST|BUY|1789984997.647000,historical7d,500ms,2,BURST,BUY,1789984997.647,2.6250000000027285,-1.4999999999986358,-4.125000000001364,True,5.165999889373779,-3.275031603714801,1.8800000000001087,-0.9799999999995634,momentum_zero_cross
historical_walkforward,historical7d|500ms|2|MICRO|BUY|1789963644.394000,historical7d,500ms,2,MICRO,BUY,1789963644.3939998,-3.8249999999982265,-3.8249999999982265,0.0,False,295.7940001487732,2.0374969544727524,2.740000000000691,-1.1699999999991633,momentum_zero_cross
historical_walkforward,historical7d|500ms|2|MICRO|BUY|1789985709.510000,historical7d,500ms,2,MICRO,BUY,1789985709.5100002,-11.362499999999043,-1.5374999999994543,9.824999999999589,True,5.061999797821045,-1.2292503311247183,0.4099999999998545,-3.590000000000145,momentum_zero_cross
historical_walkforward,historical7d|500ms|2|PRIMARY|BUY|1789963659.366000,historical7d,500ms,2,PRIMARY,BUY,1789963659.3660002,-6.862499999999726,-1.0124999999982265,5.8500000000015,True,5.053999900817871,-4.767897758588288,4.0600000000004,-3.769999999999527,max_hold
historical_walkforward,historical7d|500ms|2|PRIMARY|SELL|1789967510.961000,historical7d,500ms,2,PRIMARY,SELL,1789967510.961,13.874999999999316,-1.049999999999045,-14.924999999998361,True,6.296999931335449,-0.13228390773089274,8.699999999999818,-1.9699999999993447,max_hold
historical_walkforward,historical7d|500ms|2|PRIMARY|SELL|1789968909.746000,historical7d,500ms,2,PRIMARY,SELL,1789968909.7459998,-7.050000000000408,-5.8124999999972715,1.2375000000031369,True,5.24500036239624,-4.0328849088530205,2.430000000000291,-3.9299999999993815,max_hold
historical_walkforward,historical7d|500ms|2|PRIMARY|SELL|1789993811.904000,historical7d,500ms,2,PRIMARY,SELL,1789993811.904,-10.687499999997954,-1.4624999999978172,9.225000000000136,True,5.06499981880188,-3.817579113910918,5.3200000000006185,-2.949999999999818,max_hold
historical_walkforward,historical7d|500ms|2|SECONDARY|SELL|1789968692.959000,historical7d,500ms,2,SECONDARY,SELL,1789968692.959,-4.275000000001228,1.6874999999993177,5.962500000000546,True,5.009999752044678,-5.893966857955325,3.149999999999636,-3.2100000000000364,max_hold
historical_walkforward,historical7d|500ms|2|SECONDARY|SELL|1789970946.954000,historical7d,500ms,2,SECONDARY,SELL,1789970946.9539998,-15.374999999997954,-4.049999999999727,11.324999999998226,True,5.4770002365112305,-0.5310373876485701,0.0,-4.099999999999454,emergency_stop
historical_walkforward,historical7d|500ms|2|SECONDARY|SELL|1789993800.491000,historical7d,500ms,2,SECONDARY,SELL,1789993800.4910002,6.262500000000272,-1.8374999999991812,-8.099999999999453,True,5.5,-4.015577562019087,5.410000000000764,-2.8599999999996726,max_hold
historical_walkforward,historical7d|500ms|3|BURST|BUY|1790006264.459000,historical7d,500ms,3,BURST,BUY,1790006264.459,2.2125000000005457,-5.5874999999991815,-7.799999999999727,True,10.924000024795532,-0.02807762840897972,2.149999999999636,-1.6700000000000728,momentum_zero_cross
historical_walkforward,historical7d|500ms|3|BURST|SELL|1790012061.956000,historical7d,500ms,3,BURST,SELL,1790012061.956,4.237500000000409,1.65000000000191,-2.5874999999984993,True,5.009999990463257,-0.8317161090326309,2.5,-0.0699999999997089,momentum_zero_cross
historical_walkforward,historical7d|500ms|3|BURST|SELL|1790018047.438000,historical7d,500ms,3,BURST,SELL,1790018047.4380002,-4.012500000002319,-1.5000000000020466,2.512500000000273,True,5.002999782562256,-0.9165241535480375,0.1599999999998544,-1.2200000000002549,momentum_zero_cross
historical_walkforward,historical7d|500ms|3|BURST|SELL|1790022664.515000,historical7d,500ms,3,BURST,SELL,1790022664.515,-1.9499999999982265,-0.29999999999972715,1.6499999999984993,True,5.1559998989105225,-1.5970708280407386,0.8699999999998909,-0.7399999999997817,momentum_zero_cross
historical_walkforward,historical7d|500ms|3|MICRO|BUY|1790006332.463000,historical7d,500ms,3,MICRO,BUY,1790006332.463,-8.737500000003138,-8.737500000003138,0.0,False,45.437999963760376,5.27466105528163,0.0,-2.4400000000005093,stagnation
historical_walkforward,historical7d|500ms|3|MICRO|SELL|1790004086.345000,historical7d,500ms,3,MICRO,SELL,1790004086.345,18.956249999999383,-0.7125000000019099,-19.668750000001292,True,5.109000205993652,-1.82027743900897,5.569999999999709,-0.7899999999999636,trail
historical_walkforward,historical7d|500ms|3|MICRO|SELL|1790008432.287000,historical7d,500ms,3,MICRO,SELL,1790008432.2870002,1.3874999999995907,-1.9875000000024559,-3.3750000000020464,True,5.203999996185303,-2.745086496554218,0.3699999999998908,-1.1400000000003274,stagnation
historical_walkforward,historical7d|500ms|3|MICRO|SELL|1790010203.423000,historical7d,500ms,3,MICRO,SELL,1790010203.423,22.60312499999884,1.049999999999045,-21.553124999999795,True,5.503999948501587,-4.279363975936937,9.069999999999707,-0.6400000000003274,trail
historical_walkforward,historical7d|500ms|3|MICRO|SELL|1790010346.969000,historical7d,500ms,3,MICRO,SELL,1790010346.969,-6.900000000000546,-2.5500000000010914,4.349999999999454,True,5.510999917984009,-5.208234432535787,0.0,-2.199999999999818,stagnation
historical_walkforward,historical7d|500ms|3|PRIMARY|BUY|1790006912.309000,historical7d,500ms,3,PRIMARY,BUY,1790006912.309,12.299999999999043,-0.825000000000955,-13.124999999999998,True,15.574000120162964,-0.34801563040796313,3.4099999999998545,-0.5799999999999272,max_hold
historical_walkforward,historical7d|500ms|3|PRIMARY|BUY|1790018369.818000,historical7d,500ms,3,PRIMARY,BUY,1790018369.8179998,-16.125000000000682,-0.11249999999904502,16.012500000001637,True,5.1590001583099365,-2.7734920468135056,0.430000000000291,-4.300000000000182,emergency_stop
historical_walkforward,historical7d|500ms|3|PRIMARY|SELL|1790005642.848000,historical7d,500ms,3,PRIMARY,SELL,1790005642.848,-15.0,-2.512500000000273,12.487499999999727,True,5.206000089645386,-2.7339714402329474,0.0,-4.0,emergency_stop
historical_walkforward,historical7d|500ms|3|PRIMARY|SELL|1790008907.910000,historical7d,500ms,3,PRIMARY,SELL,1790008907.91,-1.3874999999995907,1.950000000001637,3.337500000001228,True,5.550999879837036,-2.2243643550389156,2.5700000000006185,-0.5100000000002183,momentum_zero_cross
historical_walkforward,historical7d|500ms|3|PRIMARY|SELL|1790009592.785000,historical7d,500ms,3,PRIMARY,SELL,1790009592.7849998,94.83749999999986,-2.9624999999998636,-97.79999999999973,True,5.207000255584717,-7.901845611111617,25.289999999999964,-1.0499999999992724,take_profit
historical_walkforward,historical7d|500ms|3|SECONDARY|BUY|1790005480.473000,historical7d,500ms,3,SECONDARY,BUY,1790005480.473,-15.0,-2.700000000000955,12.299999999999045,True,5.003000020980835,-2.345000252447473,0.5599999999994907,-4.0,emergency_stop
historical_walkforward,historical7d|500ms|3|SECONDARY|BUY|1790009383.491000,historical7d,500ms,3,SECONDARY,BUY,1790009383.4910002,-15.187500000000682,0.825000000000955,16.012500000001637,True,5.504999876022339,-11.094808268906299,0.5299999999997453,-4.050000000000182,emergency_stop
historical_walkforward,historical7d|500ms|3|SECONDARY|BUY|1790016648.988000,historical7d,500ms,3,SECONDARY,BUY,1790016648.988,-15.599999999999454,-8.062499999998636,7.5375000000008185,True,5.482000112533569,-4.493957831281715,0.0600000000004001,-4.159999999999855,emergency_stop
historical_walkforward,historical7d|500ms|3|SECONDARY|SELL|1790004286.924000,historical7d,500ms,3,SECONDARY,SELL,1790004286.924,-15.787500000000136,-3.000000000000682,12.787499999999454,True,5.052000045776367,-1.6406371795892352,4.170000000000073,-4.210000000000036,emergency_stop
historical_walkforward,historical7d|500ms|4|BURST|BUY|1790068421.339000,historical7d,500ms,4,BURST,BUY,1790068421.339,0.825000000000955,-1.65000000000191,-2.475000000002865,True,5.105999946594238,-1.7144637004474277,0.5500000000001819,-1.6099999999996726,stagnation
historical_walkforward,historical7d|500ms|4|BURST|BUY|1790076896.465000,historical7d,500ms,4,BURST,BUY,1790076896.465,26.96250000000191,-1.7625000000009547,-28.725000000002865,True,10.002000093460083,-2.159156495591422,7.190000000000509,-0.6700000000000728,max_hold
historical_walkforward,historical7d|500ms|4|BURST|BUY|1790081889.859000,historical7d,500ms,4,BURST,BUY,1790081889.859,17.250000000001364,1.3875000000030013,-15.862499999998363,True,10.064000129699707,-0.007659490312698182,6.140000000000327,-0.1899999999995998,momentum_zero_cross
historical_walkforward,historical7d|500ms|4|BURST|SELL|1790072966.384000,historical7d,500ms,4,BURST,SELL,1790072966.384,11.25,-0.3375000000005457,-11.587500000000546,True,5.0940001010894775,-2.245035228864749,3.729999999999563,-0.8599999999996726,momentum_zero_cross
historical_walkforward,historical7d|500ms|4|BURST|SELL|1790075668.965000,historical7d,500ms,4,BURST,SELL,1790075668.965,9.41250000000082,0.22500000000150064,-9.18749999999932,True,5.4049999713897705,-0.732514653522465,2.6099999999996726,-1.5,momentum_zero_cross
historical_walkforward,historical7d|500ms|4|MICRO|BUY|1790066882.378000,historical7d,500ms,4,MICRO,BUY,1790066882.3779998,11.175000000001774,-2.062500000000682,-13.237500000002456,True,5.105000257492065,-1.7897096721561623,5.020000000000437,-0.930000000000291,trail
historical_walkforward,historical7d|500ms|4|MICRO|BUY|1790077062.904000,historical7d,500ms,4,MICRO,BUY,1790077062.904,8.062499999998636,-2.9250000000024556,-10.987500000001091,True,5.062999963760376,-1.2620975612921144,4.349999999999454,-2.1900000000005093,trail
historical_walkforward,historical7d|500ms|4|MICRO|BUY|1790077316.497000,historical7d,500ms,4,MICRO,BUY,1790077316.497,9.787500000002185,-1.3874999999995907,-11.175000000001775,True,5.447000026702881,-0.2711837620751906,4.640000000000327,-1.9200000000000728,trail
historical_walkforward,historical7d|500ms|4|MICRO|BUY|1790077860.457000,historical7d,500ms,4,MICRO,BUY,1790077860.457,21.11249999999956,4.612499999998363,-16.500000000001197,True,10.022000074386597,-0.007776351072007586,6.510000000000218,-0.4800000000004729,trail
historical_walkforward,historical7d|500ms|4|MICRO|BUY|1790081566.449000,historical7d,500ms,4,MICRO,BUY,1790081566.449,10.80000000000041,-0.7499999999993179,-11.549999999999727,True,5.527000188827515,-5.683917606493078,4.920000000000073,-2.0799999999999272,trail
historical_walkforward,historical7d|500ms|4|MICRO|BUY|1790081889.859000,historical7d,500ms,4,MICRO,BUY,1790081889.859,19.57500000000266,19.57500000000266,0.0,False,95.114000082016,4.122347366079034,6.140000000000327,-0.1899999999995998,trail
historical_walkforward,historical7d|500ms|4|MICRO|SELL|1790050280.482000,historical7d,500ms,4,MICRO,SELL,1790050280.482,19.921874999999147,-3.637500000000955,-23.559375000000102,True,5.013000011444092,-2.1259244338979557,6.159999999999855,-1.7399999999997815,trail
historical_walkforward,historical7d|500ms|4|MICRO|SELL|1790074283.993000,historical7d,500ms,4,MICRO,SELL,1790074283.993,19.190624999998533,0.2624999999989086,-18.928124999999625,True,5.461000204086304,-1.8819876141532197,5.960000000000036,-0.6300000000001091,trail
historical_walkforward,historical7d|500ms|4|MICRO|SELL|1790076713.989000,historical7d,500ms,4,MICRO,SELL,1790076713.9889998,-15.03750000000082,-3.000000000000682,12.037500000000138,True,5.307000160217285,-1.5071785620056548,1.2399999999997815,-4.010000000000218,emergency_stop
historical_walkforward,historical7d|500ms|4|PRIMARY|SELL|1790052562.477000,historical7d,500ms,4,PRIMARY,SELL,1790052562.477,-15.074999999998225,-1.4624999999978172,13.612500000000407,True,5.418999910354614,-1.8637347026240836,1.180000000000291,-4.019999999999527,emergency_stop
historical_walkforward,historical7d|500ms|4|PRIMARY|SELL|1790057259.330000,historical7d,500ms,4,PRIMARY,SELL,1790057259.33,-2.400000000001228,-1.1250000000006821,1.2750000000005457,True,5.106000185012817,-2.246688476842238,2.130000000000109,-0.6400000000003274,momentum_zero_cross
historical_walkforward,historical7d|500ms|4|PRIMARY|SELL|1790086794.950000,historical7d,500ms,4,PRIMARY,SELL,1790086794.95,-15.299999999999727,-2.062500000000682,13.237499999999045,True,5.002999782562256,-2.13544800274588,0.089999999999236,-4.079999999999927,emergency_stop
historical_walkforward,historical7d|500ms|4|SECONDARY|BUY|1790077022.458000,historical7d,500ms,4,SECONDARY,BUY,1790077022.458,30.637500000000276,-3.3375000000012283,-33.97500000000151,True,5.4070000648498535,-2.8450158768922575,8.170000000000073,-1.3100000000004002,take_profit
historical_walkforward,historical7d|500ms|4|SECONDARY|SELL|1790050319.982000,historical7d,500ms,4,SECONDARY,SELL,1790050319.982,-15.187499999997272,-3.3749999999986353,11.812499999998636,True,5.003999710083008,-1.9155372266492323,0.0,-4.049999999999272,emergency_stop
historical_walkforward,historical7d|500ms|4|SECONDARY|SELL|1790074221.952000,historical7d,500ms,4,SECONDARY,SELL,1790074221.952,30.2250000000015,-2.0624999999972715,-32.28749999999877,True,5.006000280380249,-3.784249840078501,8.0600000000004,-0.7199999999993452,take_profit
historical_walkforward,historical7d|500ms|4|SECONDARY|SELL|1790078293.477000,historical7d,500ms,4,SECONDARY,SELL,1790078293.477,30.337500000000546,-0.6749999999976808,-31.012499999998226,True,5.454999923706055,-1.616329061473946,8.090000000000146,-1.7999999999992724,take_profit
recent_after_first80,recent24h|1s|0|BURST|BUY|1790251280.929000,recent24h,1s,0,BURST,BUY,1790251280.929,0.4125000000021827,1.012500000001637,0.5999999999994544,True,5.000999927520752,-3.280899743053801,2.0799999999999272,-0.0699999999997089,momentum_zero_cross
recent_after_first80,recent24h|1s|0|BURST|BUY|1790256394.957000,recent24h,1s,0,BURST,BUY,1790256394.957,-5.700000000001637,-2.737499999998363,2.962500000003274,True,5.003000020980835,-3.5511550455205256,0.0,-1.7200000000002549,momentum_zero_cross
recent_after_first80,recent24h|1s|0|BURST|BUY|1790265168.984000,recent24h,1s,0,BURST,BUY,1790265168.984,-7.274999999998499,-0.5999999999994543,6.674999999999045,True,5.963000059127808,-0.05641326262096454,0.2700000000004365,-1.9899999999997815,momentum_zero_cross
recent_after_first80,recent24h|1s|0|BURST|SELL|1790195523.912000,recent24h,1s,0,BURST,SELL,1790195523.912,-1.2374999999997272,-1.2374999999997272,0.0,False,49.91400003433228,2.670350857924201,0.3000000000001819,-0.8899999999994179,momentum_zero_cross
recent_after_first80,recent24h|1s|0|BURST|SELL|1790271044.909000,recent24h,1s,0,BURST,SELL,1790271044.909,-2.1374999999989086,-1.3499999999987722,0.7875000000001364,True,11.068000078201294,-3.127732608616876,0.2799999999997453,-0.569999999999709,momentum_zero_cross
recent_after_first80,recent24h|1s|0|MICRO|BUY|1790196103.820000,recent24h,1s,0,MICRO,BUY,1790196103.82,10.687499999997954,0.6749999999976808,-10.012500000000273,True,5.144000053405762,-2.767483224083197,5.059999999999491,-0.4500000000007276,trail
recent_after_first80,recent24h|1s|0|MICRO|BUY|1790247697.938000,recent24h,1s,0,MICRO,BUY,1790247697.938,-2.962500000003274,-2.7375000000017735,0.22500000000150067,True,6.057000160217285,-0.5078964711322822,1.839999999999236,-2.2100000000000364,momentum_zero_cross
recent_after_first80,recent24h|1s|0|MICRO|BUY|1790249476.954000,recent24h,1s,0,MICRO,BUY,1790249476.9539998,-15.562500000002046,0.0,15.562500000002046,True,6.014000177383423,-2.767067052218934,3.139999999999418,-4.150000000000546,emergency_stop
recent_after_first80,recent24h|1s|0|MICRO|BUY|1790259382.960000,recent24h,1s,0,MICRO,BUY,1790259382.96,-8.4375,-5.5874999999991815,2.8500000000008185,True,5.998000144958496,-3.5676225217689397,0.0,-3.589999999999236,stagnation
recent_after_first80,recent24h|1s|0|MICRO|BUY|1790265166.938000,recent24h,1s,0,MICRO,BUY,1790265166.938,-6.449999999997544,-1.1999999999989086,5.249999999998636,True,5.004000186920166,-0.020693010322272394,0.3700000000008003,-2.139999999999418,stagnation
recent_after_first80,recent24h|1s|0|MICRO|SELL|1790193767.991000,recent24h,1s,0,MICRO,SELL,1790193767.9910002,-15.2250000000015,-3.937500000000682,11.287500000000819,True,5.96399998664856,-6.047547302617473,0.0,-4.0600000000004,emergency_stop
recent_after_first80,recent24h|1s|0|MICRO|SELL|1790194373.968000,recent24h,1s,0,MICRO,SELL,1790194373.968,-5.700000000001637,-7.200000000000273,-1.4999999999986358,True,6.006000280380249,-1.7832738828172483,0.0,-2.350000000000364,stagnation
recent_after_first80,recent24h|1s|0|MICRO|SELL|1790271091.974000,recent24h,1s,0,MICRO,SELL,1790271091.9740002,-1.9499999999982265,0.6750000000010914,2.624999999999318,True,6.007999897003174,-1.3092235312437268,0.180000000000291,-1.3999999999996362,stagnation
recent_after_first80,recent24h|1s|0|PRIMARY|BUY|1790192053.982000,recent24h,1s,0,PRIMARY,BUY,1790192053.982,-6.187500000002047,-1.875,4.312500000002047,True,5.003999710083008,-2.7664182643358592,0.0,-1.6500000000005457,momentum_zero_cross
recent_after_first80,recent24h|1s|0|PRIMARY|BUY|1790196504.922000,recent24h,1s,0,PRIMARY,BUY,1790196504.922,7.050000000000408,-2.624999999999318,-9.674999999999727,True,5.063999891281128,-2.3939540142408635,4.789999999999964,-1.2200000000002549,max_hold
recent_after_first80,recent24h|1s|0|PRIMARY|BUY|1790227939.976000,recent24h,1s,0,PRIMARY,BUY,1790227939.976,15.749999999999318,1.950000000001637,-13.79999999999768,True,5.8999998569488525,-3.7651084094199256,6.909999999999855,-0.4499999999998181,max_hold
recent_after_first80,recent24h|1s|0|PRIMARY|BUY|1790244962.708000,recent24h,1s,0,PRIMARY,BUY,1790244962.708,-4.162500000002183,-1.4250000000004093,2.7375000000017735,True,5.253000020980835,-5.516694241246796,1.809999999999491,-1.550000000000182,momentum_zero_cross
recent_after_first80,recent24h|1s|0|PRIMARY|BUY|1790245996.197000,recent24h,1s,0,PRIMARY,BUY,1790245996.197,-15.750000000002728,0.4124999999987722,16.1625000000015,True,5.508999824523926,-5.891342551246993,0.3699999999998908,-4.200000000000728,emergency_stop
recent_after_first80,recent24h|1s|0|PRIMARY|BUY|1790257759.983000,recent24h,1s,0,PRIMARY,BUY,1790257759.983,-15.075000000001635,-7.837500000000545,7.2375000000010905,True,5.01200008392334,-11.90034912192334,0.1300000000001091,-4.020000000000437,emergency_stop
recent_after_first80,recent24h|1s|0|PRIMARY|BUY|1790259744.944000,recent24h,1s,0,PRIMARY,BUY,1790259744.944,-15.375000000001364,1.1999999999989086,16.575000000000273,True,5.011000156402588,-2.6367253064103076,0.9299999999993817,-4.100000000000364,emergency_stop
recent_after_first80,recent24h|1s|0|PRIMARY|BUY|1790262741.964000,recent24h,1s,0,PRIMARY,BUY,1790262741.964,6.037499999998772,-1.5000000000020466,-7.5375000000008185,True,5.812999963760376,-5.784693462387911,3.960000000000037,-1.360000000000582,max_hold
recent_after_first80,recent24h|1s|0|PRIMARY|BUY|1790275457.985000,recent24h,1s,0,PRIMARY,BUY,1790275457.985,-7.200000000000273,-0.9375,6.262500000000273,True,5.703000068664551,-4.5215449484233625,0.7100000000000364,-1.9200000000000728,momentum_zero_cross
recent_after_first80,recent24h|1s|0|PRIMARY|SELL|1790193767.991000,recent24h,1s,0,PRIMARY,SELL,1790193767.9910002,-15.2250000000015,-3.937500000000682,11.287500000000819,True,5.96399998664856,-10.023122898400196,0.0,-4.0600000000004,emergency_stop
recent_after_first80,recent24h|1s|0|PRIMARY|SELL|1790194365.969000,recent24h,1s,0,PRIMARY,SELL,1790194365.969,-15.0,-1.5374999999994543,13.462500000000546,True,5.853999853134155,-1.9644075573335702,0.9600000000000364,-4.0,emergency_stop
recent_after_first80,recent24h|1s|0|PRIMARY|SELL|1790196024.809000,recent24h,1s,0,PRIMARY,SELL,1790196024.809,-15.299999999999727,-1.3499999999987722,13.950000000000955,True,6.160999774932861,-2.0528582259415287,0.5800000000008367,-4.079999999999927,emergency_stop
recent_after_first80,recent24h|1s|0|PRIMARY|SELL|1790203082.952000,recent24h,1s,0,PRIMARY,SELL,1790203082.952,-12.67500000000041,-1.5000000000020466,11.174999999998363,True,5.009999990463257,-9.311196885696063,0.0299999999997453,-3.5799999999999272,momentum_zero_cross
recent_after_first80,recent24h|1s|0|PRIMARY|SELL|1790243248.941000,recent24h,1s,0,PRIMARY,SELL,1790243248.941,-9.562500000000682,-3.7875000000008185,5.774999999999864,True,16.022000074386597,-0.04043116597917319,0.0,-2.7399999999997817,momentum_zero_cross
recent_after_first80,recent24h|1s|0|PRIMARY|SELL|1790248961.940000,recent24h,1s,0,PRIMARY,SELL,1790248961.94,-16.799999999998363,-0.6375000000002728,16.16249999999809,True,5.008999824523926,-1.1121527234003774,5.880000000000109,-4.479999999999563,emergency_stop
recent_after_first80,recent24h|1s|0|PRIMARY|SELL|1790253504.969000,recent24h,1s,0,PRIMARY,SELL,1790253504.969,-8.250000000002728,-3.000000000000682,5.250000000002046,True,5.95799994468689,-2.3885694748877184,0.0,-2.430000000000291,momentum_zero_cross
recent_after_first80,recent24h|1s|0|PRIMARY|SELL|1790267631.868000,recent24h,1s,0,PRIMARY,SELL,1790267631.868,-1.4250000000004093,-0.7500000000027284,0.6749999999976809,True,5.051000118255615,-3.4208607353238034,2.769999999999527,-1.7700000000004366,momentum_zero_cross
recent_after_first80,recent24h|1s|0|PRIMARY|SELL|1790268611.999000,recent24h,1s,0,PRIMARY,SELL,1790268611.999,7.7250000000015,-2.737499999998363,-10.462499999999864,True,5.793999910354614,-1.585939961144295,5.030000000000655,-2.009999999999309,max_hold
recent_after_first80,recent24h|1s|0|PRIMARY|SELL|1790270166.959000,recent24h,1s,0,PRIMARY,SELL,1790270166.959,-15.2250000000015,-3.3000000000004093,11.925000000001091,True,11.00599980354309,-0.39227756691479676,0.4600000000000364,-4.0600000000004,emergency_stop
recent_after_first80,recent24h|1s|0|PRIMARY|SELL|1790271201.909000,recent24h,1s,0,PRIMARY,SELL,1790271201.909,-15.862500000001772,1.049999999999045,16.91250000000082,True,5.059000015258789,-5.025154987106244,0.3999999999996362,-4.230000000000473,emergency_stop
recent_after_first80,recent24h|1s|0|PRIMARY|SELL|1790271720.915000,recent24h,1s,0,PRIMARY,SELL,1790271720.915,-15.149999999999864,-2.662499999996726,12.487500000003138,True,5.049999952316284,-0.7312005868093486,0.2100000000000363,-4.039999999999964,emergency_stop
recent_after_first80,recent24h|1s|0|PRIMARY|SELL|1790272615.978000,recent24h,1s,0,PRIMARY,SELL,1790272615.978,18.675000000001774,16.462500000001228,-2.2125000000005457,True,285.0150001049042,-1.4696134125731481,6.699999999999818,-0.1999999999998181,max_hold
recent_after_first80,recent24h|1s|0|SECONDARY|BUY|1790196065.932000,recent24h,1s,0,SECONDARY,BUY,1790196065.932,31.83749999999918,-0.6749999999976808,-32.51249999999686,True,6.053999900817871,-4.2522924934077375,8.489999999999782,-0.5299999999997453,take_profit
recent_after_first80,recent24h|1s|0|SECONDARY|BUY|1790251279.973000,recent24h,1s,0,SECONDARY,BUY,1790251279.973,-15.97500000000082,1.8374999999991812,17.8125,True,5.007999897003174,-3.896564734037114,2.0499999999992724,-4.260000000000218,emergency_stop
recent_after_first80,recent24h|1s|0|SECONDARY|BUY|1790264485.926000,recent24h,1s,0,SECONDARY,BUY,1790264485.926,30.0,-0.7875000000001364,-30.787500000000136,True,5.066999912261963,-6.580377717881147,8.0,-2.5299999999997453,take_profit
recent_after_first80,recent24h|1s|0|SECONDARY|BUY|1790267949.875000,recent24h,1s,0,SECONDARY,BUY,1790267949.875,-15.262499999998909,-3.8624999999990446,11.399999999999864,True,5.108000040054321,-4.001420991255886,0.0,-4.069999999999709,emergency_stop
recent_after_first80,recent24h|1s|0|SECONDARY|SELL|1790193767.991000,recent24h,1s,0,SECONDARY,SELL,1790193767.9910002,-15.2250000000015,-3.937500000000682,11.287500000000819,True,5.96399998664856,-6.534495876491095,0.0,-4.0600000000004,emergency_stop
recent_after_first80,recent24h|1s|0|SECONDARY|SELL|1790230026.655000,recent24h,1s,0,SECONDARY,SELL,1790230026.655,-15.487500000000413,-1.1250000000006821,14.36249999999973,True,6.257999897003174,-3.006168178640237,0.0,-4.130000000000109,emergency_stop
recent_after_first80,recent24h|1s|0|SECONDARY|SELL|1790256642.971000,recent24h,1s,0,SECONDARY,SELL,1790256642.971,-16.575000000000273,-5.774999999999864,10.80000000000041,True,6.011000156402588,-3.2738733085995695,0.0,-4.420000000000073,emergency_stop
recent_after_first80,recent24h|1s|0|SECONDARY|SELL|1790269786.987000,recent24h,1s,0,SECONDARY,SELL,1790269786.987,5.437499999999318,-9.037500000002865,-14.475000000002183,True,5.961999893188477,-0.27095753187165633,6.949999999999818,-3.300000000000182,max_hold
recent_after_first80,recent24h|1s|0|SECONDARY|SELL|1790272621.992000,recent24h,1s,0,SECONDARY,SELL,1790272621.992,30.074999999998223,-1.1250000000006821,-31.199999999998905,True,105.98599982261658,-1.2626315058117783,8.019999999999527,-0.3000000000001819,take_profit
recent_after_first80,recent24h|500ms|0|BURST|BUY|1790251280.433000,recent24h,500ms,0,BURST,BUY,1790251280.4329998,-0.1875000000006821,1.4249999999969987,1.6124999999976808,True,5.055000066757202,-2.8385655335065367,2.1599999999998545,-0.2700000000004365,momentum_zero_cross
recent_after_first80,recent24h|500ms|0|BURST|BUY|1790256394.957000,recent24h,500ms,0,BURST,BUY,1790256394.957,-6.450000000000955,-2.737499999998363,3.712500000002592,True,5.003000020980835,-3.5511550455205256,0.0,-1.8299999999999272,momentum_zero_cross
recent_after_first80,recent24h|500ms|0|BURST|BUY|1790265168.984000,recent24h,500ms,0,BURST,BUY,1790265168.984,-7.200000000000273,-0.5999999999994543,6.6000000000008185,True,5.214000225067139,-0.16408711551846655,0.2700000000004365,-2.199999999999818,momentum_zero_cross
recent_after_first80,recent24h|500ms|0|BURST|SELL|1790195523.451000,recent24h,500ms,0,BURST,SELL,1790195523.451,-0.5625000000020464,-0.5625000000020464,0.0,False,50.02800011634827,2.670350857924201,0.3199999999997089,-0.9099999999998544,momentum_zero_cross
recent_after_first80,recent24h|500ms|0|BURST|SELL|1790271044.474000,recent24h,500ms,0,BURST,SELL,1790271044.474,-3.0375000000015,-2.4749999999994543,0.5625000000020455,True,10.200999975204468,-1.7979649961380109,0.0,-0.8500000000003638,momentum_zero_cross
recent_after_first80,recent24h|500ms|0|MICRO|BUY|1790196103.820000,recent24h,500ms,0,MICRO,BUY,1790196103.82,11.437499999997272,0.6749999999976808,-10.76249999999959,True,5.144000053405762,-2.767483224083197,5.059999999999491,-0.4600000000000364,trail
recent_after_first80,recent24h|500ms|0|MICRO|BUY|1790247697.938000,recent24h,500ms,0,MICRO,BUY,1790247697.938,-2.887500000001637,-2.887500000001637,0.0,False,299.46200013160706,2.372429119872426,1.839999999999236,-2.2100000000000364,momentum_zero_cross
recent_after_first80,recent24h|500ms|0|MICRO|BUY|1790249523.466000,recent24h,500ms,0,MICRO,BUY,1790249523.4659998,-5.325000000000273,-5.887499999998909,-0.5624999999986358,True,5.511000156402588,-1.97442923218306,0.0,-2.649999999999636,stagnation
recent_after_first80,recent24h|500ms|0|MICRO|BUY|1790259382.960000,recent24h,500ms,0,MICRO,BUY,1790259382.96,-7.387499999997544,-5.362499999997681,2.0249999999998636,True,5.496000051498413,-6.957056791705483,0.0,-3.589999999999236,stagnation
recent_after_first80,recent24h|500ms|0|MICRO|BUY|1790265166.938000,recent24h,500ms,0,MICRO,BUY,1790265166.938,-6.412500000000136,-1.1999999999989086,5.212500000001228,True,5.004000186920166,-0.059775308512878114,0.3700000000008003,-2.139999999999418,stagnation
recent_after_first80,recent24h|500ms|0|MICRO|SELL|1790193767.494000,recent24h,500ms,0,MICRO,SELL,1790193767.4940002,-15.825000000000951,-0.4499999999995907,15.37500000000136,True,5.4629998207092285,-2.805367462362628,0.0699999999997089,-4.220000000000255,emergency_stop
recent_after_first80,recent24h|500ms|0|MICRO|SELL|1790194373.968000,recent24h,500ms,0,MICRO,SELL,1790194373.968,-5.962500000000546,-7.012499999999591,-1.049999999999045,True,5.1590001583099365,-1.7832738828172483,0.0,-2.350000000000364,stagnation
recent_after_first80,recent24h|500ms|0|MICRO|SELL|1790271091.974000,recent24h,500ms,0,MICRO,SELL,1790271091.9740002,-2.09999999999809,-0.2624999999989086,1.8374999999991815,True,5.454999685287476,-2.2145248639587822,0.180000000000291,-1.5100000000002185,stagnation
recent_after_first80,recent24h|500ms|0|PRIMARY|BUY|1790192053.480000,recent24h,500ms,0,PRIMARY,BUY,1790192053.48,-5.924999999999727,-1.799999999998363,4.125000000001364,True,5.011000156402588,-2.5042460102716673,0.0,-1.5999999999994543,momentum_zero_cross
recent_after_first80,recent24h|500ms|0|PRIMARY|BUY|1790196504.420000,recent24h,500ms,0,PRIMARY,BUY,1790196504.42,7.537500000000818,-2.5874999999984993,-10.124999999999318,True,5.565999746322632,-2.2123110901527334,4.800000000000182,-1.2100000000000364,max_hold
recent_after_first80,recent24h|500ms|0|PRIMARY|BUY|1790227939.976000,recent24h,500ms,0,PRIMARY,BUY,1790227939.976,15.487500000000413,1.2750000000005457,-14.212499999999867,True,5.5,-3.0343411059813516,6.909999999999855,-0.4600000000000364,max_hold
recent_after_first80,recent24h|500ms|0|PRIMARY|BUY|1790244962.460000,recent24h,500ms,0,PRIMARY,BUY,1790244962.46,-5.212500000001228,-1.1250000000006821,4.087500000000546,True,5.500999927520752,-5.433729005789524,1.889999999999418,-1.4700000000002549,momentum_zero_cross
recent_after_first80,recent24h|500ms|0|PRIMARY|BUY|1790245996.197000,recent24h,500ms,0,PRIMARY,BUY,1790245996.197,-15.750000000002728,0.4124999999987722,16.1625000000015,True,5.259000062942505,-5.415567708203459,0.3699999999998908,-4.200000000000728,emergency_stop
recent_after_first80,recent24h|500ms|0|PRIMARY|BUY|1790257759.983000,recent24h,500ms,0,PRIMARY,BUY,1790257759.983,-15.075000000001635,-7.837500000000545,7.2375000000010905,True,5.01200008392334,-11.90034912192334,0.2399999999997817,-4.020000000000437,emergency_stop
recent_after_first80,recent24h|500ms|0|PRIMARY|BUY|1790259744.944000,recent24h,500ms,0,PRIMARY,BUY,1790259744.944,-15.075000000001635,1.1999999999989086,16.275000000000546,True,5.011000156402588,-2.6367253064103076,0.9600000000000364,-4.020000000000437,emergency_stop
recent_after_first80,recent24h|500ms|0|PRIMARY|BUY|1790262741.964000,recent24h,500ms,0,PRIMARY,BUY,1790262741.964,6.037499999998772,-1.3874999999995907,-7.424999999998363,True,5.361000061035156,-5.420185336310092,3.960000000000037,-1.4099999999998545,max_hold
recent_after_first80,recent24h|500ms|0|PRIMARY|BUY|1790264524.466000,recent24h,500ms,0,PRIMARY,BUY,1790264524.4659998,-15.599999999999454,-2.3625000000004093,13.237499999999045,True,5.011000156402588,-2.87182570444169,0.0,-4.159999999999855,emergency_stop
recent_after_first80,recent24h|500ms|0|PRIMARY|BUY|1790275454.679000,recent24h,500ms,0,PRIMARY,BUY,1790275454.679,-5.5874999999991815,-0.7124999999984993,4.875000000000682,True,5.305000066757202,-7.395602113281817,1.230000000000473,-1.4899999999997815,momentum_zero_cross
recent_after_first80,recent24h|500ms|0|PRIMARY|SELL|1790193765.391000,recent24h,500ms,0,PRIMARY,SELL,1790193765.391,-15.262499999998909,6.975000000002183,22.23750000000109,True,5.104000091552734,-2.3182478091304493,2.2399999999997817,-4.069999999999709,emergency_stop
recent_after_first80,recent24h|500ms|0|PRIMARY|SELL|1790194553.999000,recent24h,500ms,0,PRIMARY,SELL,1790194553.999,-15.03750000000082,-2.062500000000682,12.975000000000138,True,5.456000089645386,-0.4699620268179172,0.0,-4.010000000000218,emergency_stop
recent_after_first80,recent24h|500ms|0|PRIMARY|SELL|1790196024.809000,recent24h,500ms,0,PRIMARY,SELL,1790196024.809,-15.299999999999727,-1.4249999999969987,13.875000000002728,True,5.558000087738037,-2.0528582259415287,0.5800000000008367,-4.079999999999927,emergency_stop
recent_after_first80,recent24h|500ms|0|PRIMARY|SELL|1790203082.353000,recent24h,500ms,0,PRIMARY,SELL,1790203082.353,-12.937500000002728,-1.2000000000023192,11.73750000000041,True,5.608999967575073,-9.311196885696063,0.1099999999996725,-3.5100000000002183,momentum_zero_cross
recent_after_first80,recent24h|500ms|0|PRIMARY|SELL|1790240145.917000,recent24h,500ms,0,PRIMARY,SELL,1790240145.9169998,-3.562499999999318,-1.6874999999993177,1.8750000000000002,True,5.013000011444092,-0.5624978736606341,2.3099999999994907,-0.949999999999818,momentum_zero_cross
recent_after_first80,recent24h|500ms|0|PRIMARY|SELL|1790243248.941000,recent24h,500ms,0,PRIMARY,SELL,1790243248.941,-9.562500000000682,-4.162499999998772,5.40000000000191,True,10.414000034332275,-0.2327436009750558,0.0,-2.789999999999964,momentum_zero_cross
recent_after_first80,recent24h|500ms|0|PRIMARY|SELL|1790248961.940000,recent24h,500ms,0,PRIMARY,SELL,1790248961.94,-15.787500000000136,-1.274999999997135,14.512500000003001,True,25.027999877929688,-2.421026945536197,5.960000000000036,-4.210000000000036,emergency_stop
recent_after_first80,recent24h|500ms|0|PRIMARY|SELL|1790253075.855000,recent24h,500ms,0,PRIMARY,SELL,1790253075.855,-15.22499999999809,-1.1250000000006821,14.099999999997408,True,5.019999980926514,-3.4209164546761883,0.0600000000004001,-4.059999999999491,emergency_stop
recent_after_first80,recent24h|500ms|0|PRIMARY|SELL|1790253804.460000,recent24h,500ms,0,PRIMARY,SELL,1790253804.46,-15.075000000001635,0.7124999999984993,15.787500000000135,True,10.51199984550476,-1.1610351005920165,1.4600000000000364,-4.020000000000437,emergency_stop
recent_after_first80,recent24h|500ms|0|PRIMARY|SELL|1790256682.443000,recent24h,500ms,0,PRIMARY,SELL,1790256682.443,-15.074999999998225,-4.537500000000136,10.537499999998088,True,5.003999948501587,-3.158233952372588,0.0500000000001819,-4.019999999999527,emergency_stop
recent_after_first80,recent24h|500ms|0|PRIMARY|SELL|1790258943.492000,recent24h,500ms,0,PRIMARY,SELL,1790258943.492,-12.67500000000041,-1.2374999999997272,11.437500000000682,True,5.247999906539917,-2.573863512981124,0.0700000000006184,-3.380000000000109,momentum_zero_cross
recent_after_first80,recent24h|500ms|0|PRIMARY|SELL|1790267679.908000,recent24h,500ms,0,PRIMARY,SELL,1790267679.908,-15.599999999999454,-2.174999999999727,13.424999999999727,True,15.061999797821045,-0.2866151919673251,4.850000000000364,-4.159999999999855,emergency_stop
recent_after_first80,recent24h|500ms|0|PRIMARY|SELL|1790268793.948000,recent24h,500ms,0,PRIMARY,SELL,1790268793.948,-15.262500000002316,2.6999999999975444,17.96249999999986,True,6.015000104904175,-4.541005799387806,2.8799999999992,-4.0700000000006185,emergency_stop
recent_after_first80,recent24h|500ms|0|PRIMARY|SELL|1790270166.463000,recent24h,500ms,0,PRIMARY,SELL,1790270166.463,-17.062500000000682,-0.6750000000010914,16.38749999999959,True,5.501999855041504,-0.7856540098675748,0.2600000000002183,-4.550000000000182,emergency_stop
recent_after_first80,recent24h|500ms|0|PRIMARY|SELL|1790271201.909000,recent24h,500ms,0,PRIMARY,SELL,1790271201.909,-15.862500000001772,1.049999999999045,16.91250000000082,True,5.059000015258789,-5.025154987106244,0.3999999999996362,-4.230000000000473,emergency_stop
recent_after_first80,recent24h|500ms|0|PRIMARY|SELL|1790271720.309000,recent24h,500ms,0,PRIMARY,SELL,1790271720.309,-15.337500000000546,-2.4749999999994543,12.862500000001091,True,5.6559998989105225,-0.6339757010690373,0.2599999999993088,-4.0900000000001455,emergency_stop
recent_after_first80,recent24h|500ms|0|PRIMARY|SELL|1790272615.978000,recent24h,500ms,0,PRIMARY,SELL,1790272615.978,18.675000000001774,18.26249999999959,-0.4125000000021828,True,525.4860000610352,-0.9675889048365796,6.699999999999818,-0.25,max_hold
recent_after_first80,recent24h|500ms|0|SECONDARY|BUY|1790196065.932000,recent24h,500ms,0,SECONDARY,BUY,1790196065.932,31.83749999999918,0.7499999999993179,-31.087499999999864,True,5.549000024795532,-1.8757021521981279,8.489999999999782,-0.7399999999997817,take_profit
recent_after_first80,recent24h|500ms|0|SECONDARY|BUY|1790270870.484000,recent24h,500ms,0,SECONDARY,BUY,1790270870.484,-15.2250000000015,-1.7625000000009547,13.462500000000546,True,5.48799991607666,-0.09680716615488613,0.819999999999709,-4.0600000000004,emergency_stop
recent_after_first80,recent24h|500ms|0|SECONDARY|SELL|1790193767.494000,recent24h,500ms,0,SECONDARY,SELL,1790193767.4940002,-15.825000000000951,-0.4499999999995907,15.37500000000136,True,5.4629998207092285,-3.292316036236253,0.0699999999997089,-4.220000000000255,emergency_stop
recent_after_first80,recent24h|500ms|0|SECONDARY|SELL|1790194322.379000,recent24h,500ms,0,SECONDARY,SELL,1790194322.379,-15.299999999999727,-2.5874999999984993,12.712500000001228,True,5.026000022888184,-1.022414263384041,2.6700000000000728,-4.079999999999927,emergency_stop
recent_after_first80,recent24h|500ms|0|SECONDARY|SELL|1790230026.458000,recent24h,500ms,0,SECONDARY,SELL,1790230026.458,-15.0,-0.7499999999993179,14.250000000000682,True,5.058000087738037,-3.006168178640237,0.0,-4.0,emergency_stop
recent_after_first80,recent24h|500ms|0|SECONDARY|SELL|1790256590.481000,recent24h,500ms,0,SECONDARY,SELL,1790256590.481,-15.974999999997408,-0.22499999999809003,15.749999999999318,True,5.01200008392334,-2.7904829018367154,0.5300000000006548,-4.259999999999309,emergency_stop
