interval,batch,seed,window_id,source,source_range_id,start_ts,end_ts,D_pnl,H_pnl,J_pnl,D_trades,H_trades,J_trades,D_wins,H_wins,J_wins,J_delayed_entries,J_skipped_entries,J_phase_exits
500ms,A,20261001,0,historical7d,335,1789752675.985,1789767075.442,29.0799383599699,32.30420636144504,30.75314935090546,8,8,8,5,5,5,1,0,2
500ms,A,20261001,1,recent24h,0,1790189973.9689999,1790204372.865,-27.100950513536418,-27.100950513536418,-19.41822854340984,8,8,6,2,2,1,0,2,0
500ms,A,20261001,2,historical7d,0,1789578531.9299998,1789592931.4499998,-90.0176107235144,-90.0176107235144,-82.02022063807186,12,12,11,2,2,2,1,1,0
500ms,A,20261001,3,recent24h,0,1790189954.2849998,1790204353.4499998,-27.100950513536418,-27.100950513536418,-19.41822854340984,8,8,6,2,2,1,0,2,0
500ms,A,20261001,4,historical7d,335,1789753895.963,1789768295.345,31.985618185178623,35.22759370078131,33.66801836486866,9,9,9,6,6,6,1,0,2
500ms,A,20261001,5,recent24h,0,1790189959.451,1790204358.595,-27.100950513536418,-27.100950513536418,-19.41822854340984,8,8,6,2,2,1,0,2,0
500ms,A,20261001,6,historical7d,0,1789578321.381,1789592720.96,-79.95891508786849,-79.95891508786849,-71.01456884835756,12,12,11,2,2,2,0,1,0
500ms,A,20261001,7,recent24h,0,1790189954.2849998,1790204353.992,-27.100950513536418,-27.100950513536418,-19.41822854340984,8,8,6,2,2,1,0,2,0
500ms,A,20261001,8,historical7d,0,1789584111.3569999,1789598510.42,127.89873720517261,53.82231034054055,79.31687243046011,25,25,23,7,7,7,2,2,2
500ms,A,20261001,9,recent24h,0,1790189995.446,1790204394.948,-27.100950513536418,-27.100950513536418,-19.41822854340984,8,8,6,2,2,1,0,2,0
500ms,A,20261001,10,historical7d,335,1789747873.849,1789762273.328,-17.40750418860557,-14.466535482024085,-0.36772728796023557,12,12,11,6,6,6,1,1,2
500ms,A,20261001,11,recent24h,0,1790189963.947,1790204363.402,-27.100950513536418,-27.100950513536418,-19.41822854340984,8,8,6,2,2,1,0,2,0
500ms,A,20261001,12,historical7d,0,1789584702.412,1789599102.1660001,178.57011774856852,64.307102048817,90.28431925792415,23,24,22,7,7,7,2,2,3
500ms,A,20261001,13,recent24h,0,1790189956.792,1790204356.3,-27.100950513536418,-27.100950513536418,-19.41822854340984,8,8,6,2,2,1,0,2,0
500ms,A,20261001,14,historical7d,335,1789754857.488,1789769257.066,27.544937782547095,30.759851331348614,29.213294346673138,7,7,7,4,4,4,1,0,2
500ms,A,20261001,15,recent24h,0,1790189994.9,1790204394.442,-27.100950513536418,-27.100950513536418,-19.41822854340984,8,8,6,2,2,1,0,2,0
500ms,A,20261001,16,historical7d,136,1789655713.906,1789670113.468,48.71119789176316,76.53572294937055,75.15535010910594,18,18,17,8,9,8,0,1,1
500ms,A,20261001,17,recent24h,0,1790189979.4689999,1790204378.77,-27.100950513536418,-27.100950513536418,-19.41822854340984,8,8,6,2,2,1,0,2,0
500ms,A,20261001,18,historical7d,335,1789741829.599,1789756229.09,9.462971469549643,9.462971469549643,26.073485476387873,15,15,14,7,7,7,1,1,0
500ms,A,20261001,19,recent24h,0,1790189931.315,1790204330.826,-27.100950513536418,-27.100950513536418,-19.41822854340984,8,8,6,2,2,1,0,2,0
500ms,A,20261001,20,historical7d,335,1789742143.922,1789756543.471,9.462971469549643,9.462971469549643,26.073485476387873,15,15,14,7,7,7,1,1,0
500ms,A,20261001,21,recent24h,0,1790189955.949,1790204354.4940002,-27.100950513536418,-27.100950513536418,-19.41822854340984,8,8,6,2,2,1,0,2,0
500ms,A,20261001,22,historical7d,0,1789578387.9980001,1789592787.925,-72.90913819094658,-72.90913819094658,-63.81467414691048,12,12,11,2,2,2,0,1,0
500ms,A,20261001,23,recent24h,0,1790189997.9020002,1790204396.99,-27.100950513536418,-27.100950513536418,-19.41822854340984,8,8,6,2,2,1,0,2,0
500ms,A,20261001,24,historical7d,136,1789654251.7910001,1789668651.441,94.6005107600638,108.29997454239299,106.98184268053285,18,18,17,9,10,9,1,1,3
500ms,A,20261001,25,recent24h,0,1790189962.903,1790204362.4550002,-27.100950513536418,-27.100950513536418,-19.41822854340984,8,8,6,2,2,1,0,2,0
500ms,A,20261001,26,historical7d,0,1789571316.418,1789585715.927,-10.680336594000096,-6.138624395448744,-6.138624395448744,14,14,14,5,5,5,0,0,2
500ms,A,20261001,27,recent24h,0,1790189955.949,1790204354.9550002,-27.100950513536418,-27.100950513536418,-19.41822854340984,8,8,6,2,2,1,0,2,0
500ms,A,20261001,28,historical7d,335,1789755580.78,1789769980.446,27.544937782547095,30.759851331348614,29.213294346673138,7,7,7,4,4,4,1,0,2
500ms,A,20261001,29,recent24h,0,1790189991.4889998,1790204390.483,-27.100950513536418,-27.100950513536418,-19.41822854340984,8,8,6,2,2,1,0,2,0
500ms,A,20261001,30,historical7d,335,1789743975.459,1789758374.4950001,40.6245044341764,40.6245044341764,58.25100803941575,15,15,14,8,8,8,1,1,0
500ms,A,20261001,31,recent24h,0,1790189948.9750001,1790204347.838,-27.100950513536418,-27.100950513536418,-19.41822854340984,8,8,6,2,2,1,0,2,0
500ms,A,20261001,32,historical7d,133,1789634099.4620001,1789648497.499,15.938437147131161,22.210038706830183,31.335729867300927,6,6,5,4,4,4,0,1,2
500ms,A,20261001,33,recent24h,0,1790189985.381,1790204384.323,-27.100950513536418,-27.100950513536418,-19.41822854340984,8,8,6,2,2,1,0,2,0
500ms,A,20261001,34,historical7d,0,1789584556.463,1789598955.977,155.49282089011922,62.868118938591806,88.77909424381653,24,25,23,7,7,7,2,2,3
500ms,A,20261001,35,recent24h,0,1790189958.994,1790204358.595,-27.100950513536418,-27.100950513536418,-19.41822854340984,8,8,6,2,2,1,0,2,0
500ms,A,20261001,36,historical7d,0,1789580106.928,1789594505.979,-91.97823591817729,-92.9977162966394,-74.26184235498852,15,15,13,2,2,2,1,2,1
500ms,A,20261001,37,recent24h,0,1790189942.416,1790204341.98,-27.100950513536418,-27.100950513536418,-19.41822854340984,8,8,6,2,2,1,0,2,0
500ms,A,20261001,38,historical7d,133,1789634227.431,1789648626.848,4.450861863506816,10.582823710637967,19.50532771412793,7,7,6,3,3,3,0,1,2
500ms,A,20261001,39,recent24h,0,1790189929.3500001,1790204328.471,-27.100950513536418,-27.100950513536418,-19.41822854340984,8,8,6,2,2,1,0,2,0
500ms,B,20261013,0,historical7d,0,1789574018.33,1789588417.324,-10.874080860114304,-12.766139860421504,-2.3909920445513535,13,13,12,3,3,3,0,1,1
500ms,B,20261013,1,recent24h,0,1790189934.9580002,1790204334.3270001,-27.100950513536418,-27.100950513536418,-19.41822854340984,8,8,6,2,2,1,0,2,0
500ms,B,20261013,2,historical7d,335,1789746468.7020001,1789760868.3409998,18.90412379629754,22.066379328752987,37.51699097444168,12,12,11,7,7,7,2,1,2
500ms,B,20261013,3,recent24h,0,1790189933.4099998,1790204332.124,-27.100950513536418,-27.100950513536418,-19.41822854340984,8,8,6,2,2,1,0,2,0
500ms,B,20261013,4,historical7d,0,1789577415.965,1789591815.4899998,-10.503496474502242,-10.503496474502242,-0.08016797681989374,12,12,11,3,3,3,0,1,0
500ms,B,20261013,5,recent24h,0,1790189939.965,1790204339.379,-27.100950513536418,-27.100950513536418,-19.41822854340984,8,8,6,2,2,1,0,2,0
500ms,B,20261013,6,historical7d,335,1789742135.3990002,1789756534.9139998,9.462971469549643,9.462971469549643,26.073485476387873,15,15,14,7,7,7,1,1,0
500ms,B,20261013,7,recent24h,0,1790189990.95,1790204390.483,-27.100950513536418,-27.100950513536418,-19.41822854340984,8,8,6,2,2,1,0,2,0
500ms,B,20261013,8,historical7d,0,1789576486.477,1789590886.208,-24.672780668530777,-24.672780668530777,-14.55117261760887,13,13,12,3,3,3,0,1,0
500ms,B,20261013,9,recent24h,0,1790189998.952,1790204398.446,-27.100950513536418,-27.100950513536418,-19.41822854340984,8,8,6,2,2,1,0,2,0
500ms,B,20261013,10,historical7d,0,1789582345.951,1789596745.443,158.87775184909015,81.1465721132821,107.89897462479462,19,19,17,6,6,6,2,2,2
500ms,B,20261013,11,recent24h,0,1790189962.903,1790204362.4550002,-27.100950513536418,-27.100950513536418,-19.41822854340984,8,8,6,2,2,1,0,2,0
500ms,B,20261013,12,historical7d,0,1789578575.328,1789592974.9740002,-98.02081501674127,-99.82272820986907,-110.52209615401273,12,12,10,2,2,1,0,2,0
500ms,B,20261013,13,recent24h,0,1790189952.9859998,1790204352.3430002,-27.100950513536418,-27.100950513536418,-19.41822854340984,8,8,6,2,2,1,0,2,0
500ms,B,20261013,14,historical7d,136,1789657520.909,1789671920.353,22.320411769849457,48.806689872482075,46.63176234908007,19,19,17,9,10,8,0,2,1
500ms,B,20261013,15,recent24h,0,1790189973.9689999,1790204373.4689999,-27.100950513536418,-27.100950513536418,-19.41822854340984,8,8,6,2,2,1,0,2,0
500ms,B,20261013,16,historical7d,0,1789577239.486,1789591638.965,-9.288990521374842,-9.288990521374842,1.1601996411420146,12,12,11,3,3,3,0,1,0
500ms,B,20261013,17,recent24h,0,1790189931.315,1790204330.826,-27.100950513536418,-27.100950513536418,-19.41822854340984,8,8,6,2,2,1,0,2,0
500ms,B,20261013,18,historical7d,335,1789754756.1699998,1789769155.9740002,27.544937782547095,30.759851331348614,29.213294346673138,7,7,7,4,4,4,1,0,2
500ms,B,20261013,19,recent24h,0,1790189970.9699998,1790204369.7129998,-27.100950513536418,-27.100950513536418,-19.41822854340984,8,8,6,2,2,1,0,2,0
500ms,B,20261013,20,historical7d,136,1789655756.156,1789670155.316,48.71119789176316,76.53572294937055,75.15535010910594,18,18,17,8,9,8,0,1,1
500ms,B,20261013,21,recent24h,0,1790189933.4099998,1790204332.124,-27.100950513536418,-27.100950513536418,-19.41822854340984,8,8,6,2,2,1,0,2,0
500ms,B,20261013,22,historical7d,136,1789657647.915,1789672047.4819999,10.508458270026443,36.395765552675996,34.27002267186696,19,19,17,9,10,8,0,2,1
500ms,B,20261013,23,recent24h,0,1790189979.4689999,1790204378.77,-27.100950513536418,-27.100950513536418,-19.41822854340984,8,8,6,2,2,1,0,2,0
500ms,B,20261013,24,historical7d,0,1789581860.471,1789596259.91,54.30292171007022,52.91794423545116,78.37087488982206,17,17,15,5,5,5,2,2,1
500ms,B,20261013,25,recent24h,0,1790189945.472,1790204344.8860002,-27.100950513536418,-27.100950513536418,-19.41822854340984,8,8,6,2,2,1,0,2,0
500ms,B,20261013,26,historical7d,0,1789575855.428,1789590254.2710001,4.010689318352092,4.010689318352092,15.105799095216867,10,10,9,3,3,3,1,1,1
500ms,B,20261013,27,recent24h,0,1790189985.994,1790204385.88,-27.100950513536418,-27.100950513536418,-19.41822854340984,8,8,6,2,2,1,0,2,0
500ms,B,20261013,28,historical7d,335,1789743595.945,1789757995.432,20.97029759680296,20.97029759680296,37.955996087150865,16,16,15,7,7,7,1,1,0
500ms,B,20261013,29,recent24h,0,1790189937.112,1790204336.9299998,-27.100950513536418,-27.100950513536418,-19.41822854340984,8,8,6,2,2,1,0,2,0
500ms,B,20261013,30,historical7d,0,1789582206.4899998,1789596605.468,160.72296254239407,99.30552966204186,126.89385853851138,17,18,16,5,6,6,2,2,2
500ms,B,20261013,31,recent24h,0,1790189989.339,1790204388.984,-27.100950513536418,-27.100950513536418,-19.41822854340984,8,8,6,2,2,1,0,2,0
500ms,B,20261013,32,historical7d,0,1789585034.445,1789599433.98,175.37441612608234,64.307102048817,90.28431925792415,24,24,22,8,7,7,2,2,3
500ms,B,20261013,33,recent24h,0,1790189948.224,1790204347.838,-27.100950513536418,-27.100950513536418,-19.41822854340984,8,8,6,2,2,1,0,2,0
500ms,B,20261013,34,historical7d,136,1789659780.477,1789674179.2419999,-17.140481406121502,7.344779375944359,-8.417844885983982,14,14,12,6,7,5,0,3,1
500ms,B,20261013,35,recent24h,0,1790189978.22,1790204377.463,-27.100950513536418,-27.100950513536418,-19.41822854340984,8,8,6,2,2,1,0,2,0
500ms,B,20261013,36,historical7d,136,1789653694.4819999,1789668093.9020002,101.2547842488326,115.10756101527022,113.63483740549418,19,19,18,10,11,10,0,1,3
500ms,B,20261013,37,recent24h,0,1790189967.865,1790204367.155,-27.100950513536418,-27.100950513536418,-19.41822854340984,8,8,6,2,2,1,0,2,0
500ms,B,20261013,38,historical7d,335,1789754990.474,1789769389.0259998,27.544937782547095,30.759851331348614,29.213294346673138,7,7,7,4,4,4,1,0,2
500ms,B,20261013,39,recent24h,0,1790189965.457,1790204364.9580002,-27.100950513536418,-27.100950513536418,-19.41822854340984,8,8,6,2,2,1,0,2,0
500ms,C,20261027,0,historical7d,335,1789755236.364,1789769635.793,27.544937782547095,30.759851331348614,29.213294346673138,7,7,7,4,4,4,1,0,2
500ms,C,20261027,1,recent24h,0,1790189959.451,1790204358.595,-27.100950513536418,-27.100950513536418,-19.41822854340984,8,8,6,2,2,1,0,2,0
500ms,C,20261027,2,historical7d,133,1789633702.909,1789648100.853,41.066441202094325,47.643491664369094,57.21363586026905,6,6,5,4,4,4,0,1,2
500ms,C,20261027,3,recent24h,0,1790189952.9859998,1790204352.3430002,-27.100950513536418,-27.100950513536418,-19.41822854340984,8,8,6,2,2,1,0,2,0
500ms,C,20261027,4,historical7d,0,1789573553.9529998,1789587952.826,-10.874080860114304,-12.766139860421504,-2.3909920445513535,13,13,12,3,3,3,0,1,1
500ms,C,20261027,5,recent24h,0,1790189944.922,1790204344.387,-27.100950513536418,-27.100950513536418,-19.41822854340984,8,8,6,2,2,1,0,2,0
500ms,C,20261027,6,historical7d,0,1789582811.412,1789597210.973,107.1752036785582,35.54363810237851,60.19676290167945,23,23,21,6,6,6,2,2,2
500ms,C,20261027,7,recent24h,0,1790189986.687,1790204386.374,-27.100950513536418,-27.100950513536418,-19.41822854340984,8,8,6,2,2,1,0,2,0
500ms,C,20261027,8,historical7d,0,1789570929.9740002,1789585329.656,-10.680336594000096,-6.138624395448744,-6.138624395448744,14,14,14,5,5,5,0,0,2
500ms,C,20261027,9,recent24h,0,1790189968.9699998,1790204367.817,-27.100950513536418,-27.100950513536418,-19.41822854340984,8,8,6,2,2,1,0,2,0
500ms,C,20261027,10,historical7d,0,1789575918.46,1789590316.127,-8.517083025248212,0.07221449831058635,11.518214500047634,10,10,9,3,3,3,1,1,1
500ms,C,20261027,11,recent24h,0,1790189996.445,1790204396.099,-27.100950513536418,-27.100950513536418,-19.41822854340984,8,8,6,2,2,1,0,2,0
500ms,C,20261027,12,historical7d,0,1789571270.359,1789585669.856,-10.680336594000096,-6.138624395448744,-6.138624395448744,14,14,14,5,5,5,0,0,2
500ms,C,20261027,13,recent24h,0,1790189955.949,1790204354.9550002,-27.100950513536418,-27.100950513536418,-19.41822854340984,8,8,6,2,2,1,0,2,0
500ms,C,20261027,14,historical7d,335,1789748301.405,1789762700.972,-1.4234689814089445,1.6149080930134567,17.060425356318596,11,11,10,6,6,6,2,1,2
500ms,C,20261027,15,recent24h,0,1790189980.988,1790204379.92,-27.100950513536418,-27.100950513536418,-19.41822854340984,8,8,6,2,2,1,0,2,0
500ms,C,20261027,16,historical7d,136,1789658885.956,1789673285.556,-30.271555485802708,-6.452156638333975,-8.408092687313967,17,17,15,7,8,6,0,2,1
500ms,C,20261027,17,recent24h,0,1790189988.9390001,1790204388.4329998,-27.100950513536418,-27.100950513536418,-19.41822854340984,8,8,6,2,2,1,0,2,0
500ms,C,20261027,18,historical7d,335,1789743871.8209999,1789758270.189,21.394624278129868,21.394624278129868,38.394157501674044,17,17,16,8,8,8,1,1,0
500ms,C,20261027,19,recent24h,0,1790189952.9859998,1790204352.3430002,-27.100950513536418,-27.100950513536418,-19.41822854340984,8,8,6,2,2,1,0,2,0
500ms,C,20261027,20,historical7d,335,1789748444.959,1789762844.216,-9.343971176238142,-6.3538624634200005,7.980519649207679,12,12,11,6,6,6,1,1,2
500ms,C,20261027,21,recent24h,0,1790189993.8409998,1790204393.487,-27.100950513536418,-27.100950513536418,-19.41822854340984,8,8,6,2,2,1,0,2,0
500ms,C,20261027,22,historical7d,335,1789743721.465,1789758120.961,17.30565807623819,17.30565807623819,34.17187477989064,16,16,15,7,7,7,1,1,0
500ms,C,20261027,23,recent24h,0,1790189962.903,1790204362.8009999,-27.100950513536418,-27.100950513536418,-19.41822854340984,8,8,6,2,2,1,0,2,0
500ms,C,20261027,24,historical7d,335,1789755183.423,1789769582.941,27.544937782547095,30.759851331348614,29.213294346673138,7,7,7,4,4,4,1,0,2
500ms,C,20261027,25,recent24h,0,1790189985.994,1790204385.325,-27.100950513536418,-27.100950513536418,-19.41822854340984,8,8,6,2,2,1,0,2,0
500ms,C,20261027,26,historical7d,133,1789634948.717,1789649348.252,10.22920764003095,16.431409422346746,25.45611825334788,6,6,5,3,3,3,0,1,2
500ms,C,20261027,27,recent24h,0,1790189989.339,1790204388.984,-27.100950513536418,-27.100950513536418,-19.41822854340984,8,8,6,2,2,1,0,2,0
500ms,C,20261027,28,historical7d,335,1789745607.9580002,1789760007.299,15.276439992128573,16.472663380026503,31.757728389880864,13,13,12,6,6,6,2,1,1
500ms,C,20261027,29,recent24h,0,1790189927.447,1790204326.2659998,-27.100950513536418,-27.100950513536418,-19.41822854340984,8,8,6,2,2,1,0,2,0
500ms,C,20261027,30,historical7d,335,1789746364.703,1789760764.3500001,18.90412379629754,22.066379328752987,37.51699097444168,12,12,11,7,7,7,2,1,2
500ms,C,20261027,31,recent24h,0,1790189949.3260002,1790204348.442,-27.100950513536418,-27.100950513536418,-19.41822854340984,8,8,6,2,2,1,0,2,0
500ms,C,20261027,32,historical7d,136,1789654030.0460002,1789668429.911,101.2547842488326,115.10756101527022,113.63483740549418,19,19,18,10,11,10,0,1,3
500ms,C,20261027,33,recent24h,0,1790189936.464,1790204335.977,-27.100950513536418,-27.100950513536418,-19.41822854340984,8,8,6,2,2,1,0,2,0
500ms,C,20261027,34,historical7d,136,1789660048.423,1789674447.412,-17.245324311820735,-9.50199717052378,-13.04893775154028,15,15,14,7,7,6,0,2,1
500ms,C,20261027,35,recent24h,0,1790189931.315,1790204330.826,-27.100950513536418,-27.100950513536418,-19.41822854340984,8,8,6,2,2,1,0,2,0
500ms,C,20261027,36,historical7d,0,1789583978.252,1789598376.978,106.9351903564188,35.33194037995367,59.975319922286985,24,24,22,6,6,6,2,2,2
500ms,C,20261027,37,recent24h,0,1790189932.2099998,1790204331.3219998,-27.100950513536418,-27.100950513536418,-19.41822854340984,8,8,6,2,2,1,0,2,0
500ms,C,20261027,38,historical7d,335,1789747488.4780002,1789761887.981,19.493468200372718,8.704514657019843,27.84996411029158,12,12,11,7,7,7,1,1,3
500ms,C,20261027,39,recent24h,0,1790189972.968,1790204372.414,-27.100950513536418,-27.100950513536418,-19.41822854340984,8,8,6,2,2,1,0,2,0
1s,A,20261002,0,historical7d,0,1789572078.9580002,1789586477.576,43.01378117454976,41.237721563194555,24.562606429249513,14,14,12,6,6,5,0,2,1
1s,A,20261002,1,recent24h,0,1790189983.8270001,1790204382.9740002,-27.861680295516123,-27.861680295516123,-12.958201253885306,8,8,7,2,2,2,0,1,0
1s,A,20261002,2,historical7d,364,1789750878.9539998,1789765278.2489998,17.968629812802078,19.918185066570572,19.918185066570572,9,9,9,5,5,5,0,0,1
1s,A,20261002,3,recent24h,0,1790189970.9699998,1790204369.7129998,-27.861680295516123,-27.861680295516123,-12.958201253885306,8,8,7,2,2,2,0,1,0
1s,A,20261002,4,historical7d,364,1789744536.738,1789758935.7020001,-0.6760992184962333,-10.202208530037638,13.191698255362098,15,15,14,7,7,7,0,1,1
1s,A,20261002,5,recent24h,0,1790189978.922,1790204376.868,-27.861680295516123,-27.861680295516123,-12.958201253885306,8,8,7,2,2,2,0,1,0
1s,A,20261002,6,historical7d,364,1789751412.663,1789765811.825,17.968629812802078,19.918185066570572,19.918185066570572,9,9,9,5,5,5,0,0,1
1s,A,20261002,7,recent24h,0,1790189977.572,1790204376.868,-27.861680295516123,-27.861680295516123,-12.958201253885306,8,8,7,2,2,2,0,1,0
1s,A,20261002,8,historical7d,153,1789655453.61,1789669852.8430002,28.269440349232354,73.36749172763871,90.09913263631483,16,16,14,7,8,7,1,2,2
1s,A,20261002,9,recent24h,0,1790189994.9,1790204393.9980001,-27.861680295516123,-27.861680295516123,-12.958201253885306,8,8,7,2,2,2,0,1,0
1s,A,20261002,10,historical7d,0,1789583323.756,1789597720.964,47.780869947151245,45.33943804507669,-42.1530023178222,25,25,20,10,10,8,0,5,0
1s,A,20261002,11,recent24h,0,1790189939.965,1790204338.68,-27.861680295516123,-27.861680295516123,-12.958201253885306,8,8,7,2,2,2,0,1,0
1s,A,20261002,12,historical7d,364,1789752436.934,1789766835.9699998,10.988054746574676,12.911336176000532,12.911336176000532,7,7,7,3,3,3,0,0,1
1s,A,20261002,13,recent24h,0,1790189996.993,1790204395.742,-27.861680295516123,-27.861680295516123,-12.958201253885306,8,8,7,2,2,2,0,1,0
1s,A,20261002,14,historical7d,153,1789659446.978,1789673845.872,-32.44731424841375,-11.255342814326372,-21.258211977770486,13,13,12,4,5,4,2,2,1
1s,A,20261002,15,recent24h,0,1790189945.9750001,1790204344.8860002,-27.861680295516123,-27.861680295516123,-12.958201253885306,8,8,7,2,2,2,0,1,0
1s,A,20261002,16,historical7d,0,1789575441.9580002,1789589841.67,13.802729484554334,13.802729484554334,41.05648735252703,15,15,13,5,5,5,0,2,0
1s,A,20261002,17,recent24h,0,1790189933.812,1790204332.775,-27.861680295516123,-27.861680295516123,-12.958201253885306,8,8,7,2,2,2,0,1,0
1s,A,20261002,18,historical7d,364,1789745639.8419998,1789760038.876,-12.16289309125768,-21.469857166811337,1.3858799361400358,12,12,11,4,4,4,0,1,1
1s,A,20261002,19,recent24h,0,1790189999.851,1790204398.949,-27.861680295516123,-27.861680295516123,-12.958201253885306,8,8,7,2,2,2,0,1,0
1s,A,20261002,20,historical7d,153,1789653757.985,1789668156.983,101.43678393460743,92.53053520263313,91.06937227951141,18,18,17,9,10,9,1,1,3
1s,A,20261002,21,recent24h,0,1790189970.9699998,1790204370.9139998,-27.861680295516123,-27.861680295516123,-12.958201253885306,8,8,7,2,2,2,0,1,0
1s,A,20261002,22,historical7d,153,1789658658.855,1789673056.8899999,-37.52452698518499,-16.562681803306816,-17.791090359811278,16,16,15,6,7,6,2,1,1
1s,A,20261002,23,recent24h,0,1790189945.9750001,1790204344.8860002,-27.861680295516123,-27.861680295516123,-12.958201253885306,8,8,7,2,2,2,0,1,0
1s,A,20261002,24,historical7d,153,1789658081.988,1789672481.976,-22.341179546960404,-0.6911444027738494,-1.9598823496949151,17,17,16,7,8,7,2,1,1
1s,A,20261002,25,recent24h,0,1790189976.868,1790204375.0700002,-27.861680295516123,-27.861680295516123,-12.958201253885306,8,8,7,2,2,2,0,1,0
1s,A,20261002,26,historical7d,364,1789744481.9689999,1789758880.9139998,4.980016583907227,-4.6540001947674465,19.004902208990977,14,14,13,7,7,7,0,1,1
1s,A,20261002,27,recent24h,0,1790189986.687,1790204385.88,-27.861680295516123,-27.861680295516123,-12.958201253885306,8,8,7,2,2,2,0,1,0
1s,A,20261002,28,historical7d,0,1789571350.9699998,1789585749.7289999,14.609864783686362,12.926707139933342,-2.876167560172007,15,15,13,6,6,5,0,2,1
1s,A,20261002,29,recent24h,0,1790189948.9750001,1790204347.838,-27.861680295516123,-27.861680295516123,-12.958201253885306,8,8,7,2,2,2,0,1,0
1s,A,20261002,30,historical7d,153,1789659371.4819999,1789673770.4350002,-27.522927962754512,-6.107757183061095,-21.258211977770486,13,13,12,4,5,4,2,2,1
1s,A,20261002,31,recent24h,0,1790189975.719,1790204375.0700002,-27.861680295516123,-27.861680295516123,-12.958201253885306,8,8,7,2,2,2,0,1,0
1s,A,20261002,32,historical7d,364,1789749561.959,1789763960.9,-2.3863850740758608,-0.5134430048309797,-0.5134430048309797,9,9,9,4,4,4,0,0,1
1s,A,20261002,33,recent24h,0,1790189996.993,1790204395.742,-27.861680295516123,-27.861680295516123,-12.958201253885306,8,8,7,2,2,2,0,1,0
1s,A,20261002,34,historical7d,0,1789574691.945,1789589090.783,12.185026937436874,12.185026937436874,5.390720232727347,13,13,10,4,4,3,0,3,0
1s,A,20261002,35,recent24h,0,1790189958.994,1790204358.595,-27.861680295516123,-27.861680295516123,-12.958201253885306,8,8,7,2,2,2,0,1,0
1s,A,20261002,36,historical7d,0,1789575619.923,1789590018.2259998,18.940237839161114,18.940237839161114,46.46650575954561,14,14,12,5,5,5,0,2,0
1s,A,20261002,37,recent24h,0,1790189949.926,1790204348.442,-27.861680295516123,-27.861680295516123,-12.958201253885306,8,8,7,2,2,2,0,1,0
1s,A,20261002,38,historical7d,0,1789573581.7510002,1789587980.43,10.341160840460418,10.341160840460418,3.571313639887819,14,14,11,4,4,3,0,3,0
1s,A,20261002,39,recent24h,0,1790189959.747,1790204358.595,-27.861680295516123,-27.861680295516123,-12.958201253885306,8,8,7,2,2,2,0,1,0
1s,B,20261014,0,historical7d,364,1789747878.804,1789762277.8339999,-30.29550635848983,-28.527609982934393,-28.527609982934393,10,10,10,4,4,4,0,0,1
1s,B,20261014,1,recent24h,0,1790189990.95,1790204389.983,-27.861680295516123,-27.861680295516123,-12.958201253885306,8,8,7,2,2,2,0,1,0
1s,B,20261014,2,historical7d,153,1789656760.8979998,1789671159.803,-37.3829609677187,-16.414699261907288,-0.640285563760358,18,18,16,7,8,7,2,2,1
1s,B,20261014,3,recent24h,0,1790189980.988,1790204379.92,-27.861680295516123,-27.861680295516123,-12.958201253885306,8,8,7,2,2,2,0,1,0
1s,B,20261014,4,historical7d,153,1789656321.915,1789670720.879,34.511002960234485,56.27068402180754,54.85738796369659,17,17,16,8,9,8,2,1,2
1s,B,20261014,5,recent24h,0,1790189999.851,1790204398.949,-27.861680295516123,-27.861680295516123,-12.958201253885306,8,8,7,2,2,2,0,1,0
1s,B,20261014,6,historical7d,0,1789582359.908,1789596758.95,82.97983871513975,80.38152677218568,-12.73294941694769,21,21,16,8,8,6,0,5,0
1s,B,20261014,7,recent24h,0,1790189982.38,1790204381.977,-27.861680295516123,-27.861680295516123,-12.958201253885306,8,8,7,2,2,2,0,1,0
1s,B,20261014,8,historical7d,364,1789743741.91,1789758140.851,-4.008302929332585,-13.470840405542088,9.766948751842513,15,15,14,7,7,7,0,1,1
1s,B,20261014,9,recent24h,0,1790189980.988,1790204379.92,-27.861680295516123,-27.861680295516123,-12.958201253885306,8,8,7,2,2,2,0,1,0
1s,B,20261014,10,historical7d,364,1789753409.6579998,1789767808.809,10.988054746574676,12.911336176000532,12.911336176000532,7,7,7,3,3,3,0,0,1
1s,B,20261014,11,recent24h,0,1790189947.777,1790204346.789,-27.861680295516123,-27.861680295516123,-12.958201253885306,8,8,7,2,2,2,0,1,0
1s,B,20261014,12,historical7d,364,1789749804.938,1789764203.907,17.85407159226249,19.803195666287927,19.803195666287927,8,8,8,4,4,4,0,0,1
1s,B,20261014,13,recent24h,0,1790189941.825,1790204340.9390001,-27.861680295516123,-27.861680295516123,-12.958201253885306,8,8,7,2,2,2,0,1,0
1s,B,20261014,14,historical7d,364,1789752775.9,1789767174.999,10.988054746574676,12.911336176000532,12.911336176000532,7,7,7,3,3,3,0,0,1
1s,B,20261014,15,recent24h,0,1790189962.903,1790204361.948,-27.861680295516123,-27.861680295516123,-12.958201253885306,8,8,7,2,2,2,0,1,0
1s,B,20261014,16,historical7d,364,1789755416.9699998,1789769815.6729999,25.18841106913044,27.16514048301042,27.16514048301042,7,7,7,3,3,3,0,0,1
1s,B,20261014,17,recent24h,0,1790189969.912,1790204368.962,-27.861680295516123,-27.861680295516123,-12.958201253885306,8,8,7,2,2,2,0,1,0
1s,B,20261014,18,historical7d,364,1789744834.981,1789759233.665,-5.445472586825588,-14.880591717478069,8.289864366225117,13,13,12,6,6,6,0,1,1
1s,B,20261014,19,recent24h,0,1790189988.9390001,1790204387.932,-27.861680295516123,-27.861680295516123,-12.958201253885306,8,8,7,2,2,2,0,1,0
1s,B,20261014,20,historical7d,0,1789581487.985,1789595886.968,91.1339451280495,88.49929074120678,-5.91757242086544,20,20,15,8,8,6,0,5,0
1s,B,20261014,21,recent24h,0,1790189940.92,1790204339.8300002,-27.861680295516123,-27.861680295516123,-12.958201253885306,8,8,7,2,2,2,0,1,0
1s,B,20261014,22,historical7d,0,1789577329.949,1789591729.1539998,-12.038856685011865,-12.038856685011865,13.84417990809311,12,12,10,3,3,3,0,2,0
1s,B,20261014,23,recent24h,0,1790189945.9750001,1790204344.8860002,-27.861680295516123,-27.861680295516123,-12.958201253885306,8,8,7,2,2,2,0,1,0
1s,B,20261014,24,historical7d,0,1789576762.8609998,1789591161.992,-12.152061053981072,-12.152061053981072,13.724970813410096,12,12,10,3,3,3,0,2,0
1s,B,20261014,25,recent24h,0,1790189994.9,1790204393.9980001,-27.861680295516123,-27.861680295516123,-12.958201253885306,8,8,7,2,2,2,0,1,0
1s,B,20261014,26,historical7d,153,1789660028.849,1789674428.592,-29.784889759456107,-24.76415224522009,-26.856740526061742,14,14,14,5,5,5,2,1,1
1s,B,20261014,27,recent24h,0,1790189929.949,1790204328.471,-27.861680295516123,-27.861680295516123,-12.958201253885306,8,8,7,2,2,2,0,1,0
1s,B,20261014,28,historical7d,0,1789571643.951,1789586042.761,14.609864783686362,12.926707139933342,-2.876167560172007,15,15,13,6,6,5,0,2,1
1s,B,20261014,29,recent24h,0,1790189971.9169998,1790204370.9139998,-27.861680295516123,-27.861680295516123,-12.958201253885306,8,8,7,2,2,2,0,1,0
1s,B,20261014,30,historical7d,364,1789744771.9390001,1789759170.582,-0.6760992184962333,-10.202208530037638,13.191698255362098,15,15,14,7,7,7,0,1,1
1s,B,20261014,31,recent24h,0,1790189951.981,1790204350.9950001,-27.861680295516123,-27.861680295516123,-12.958201253885306,8,8,7,2,2,2,0,1,0
1s,B,20261014,32,historical7d,153,1789656127.965,1789670526.86,35.911783055848794,57.7284891888407,56.31159822593977,17,17,16,8,9,8,2,1,2
1s,B,20261014,33,recent24h,0,1790189929.949,1790204328.471,-27.861680295516123,-27.861680295516123,-12.958201253885306,8,8,7,2,2,2,0,1,0
1s,B,20261014,34,historical7d,153,1789658505.972,1789672904.952,-47.79148248611398,-27.294990267273647,-28.496128153823634,17,17,16,6,7,6,2,1,1
1s,B,20261014,35,recent24h,0,1790189943.2659998,1790204342.983,-27.861680295516123,-27.861680295516123,-12.958201253885306,8,8,7,2,2,2,0,1,0
1s,B,20261014,36,historical7d,364,1789751163.9910002,1789765561.654,17.968629812802078,19.918185066570572,19.918185066570572,9,9,9,5,5,5,0,0,1
1s,B,20261014,37,recent24h,0,1790189960.8019998,1790204359.8620002,-27.861680295516123,-27.861680295516123,-12.958201253885306,8,8,7,2,2,2,0,1,0
1s,B,20261014,38,historical7d,153,1789657690.61,1789672089.552,-31.47794864379334,-10.24204041107686,-11.486509643239852,18,18,17,7,8,7,2,1,1
1s,B,20261014,39,recent24h,0,1790189951.981,1790204350.9950001,-27.861680295516123,-27.861680295516123,-12.958201253885306,8,8,7,2,2,2,0,1,0
1s,C,20261028,0,historical7d,0,1789573052.697,1789587451.503,36.317683860355146,34.5635254758306,29.126320947419572,14,14,11,6,6,5,0,3,1
1s,C,20261028,1,recent24h,0,1790189928.548,1790204328.471,-27.861680295516123,-27.861680295516123,-12.958201253885306,8,8,7,2,2,2,0,1,0
1s,C,20261028,2,historical7d,153,1789654005.9580002,1789668405.484,101.43678393460743,92.53053520263313,91.06937227951141,18,18,17,9,10,9,1,1,3
1s,C,20261028,3,recent24h,0,1790189973.9689999,1790204372.865,-27.861680295516123,-27.861680295516123,-12.958201253885306,8,8,7,2,2,2,0,1,0
1s,C,20261028,4,historical7d,0,1789573478.943,1789587877.905,-4.525009566398182,-4.525009566398182,-11.097652014866526,14,14,11,4,4,3,0,3,0
1s,C,20261028,5,recent24h,0,1790189986.687,1790204385.88,-27.861680295516123,-27.861680295516123,-12.958201253885306,8,8,7,2,2,2,0,1,0
1s,C,20261028,6,historical7d,153,1789655963.879,1789670362.894,33.63051261441967,55.354349345386595,53.98486180635143,17,17,16,8,9,8,1,1,2
1s,C,20261028,7,recent24h,0,1790189940.92,1790204339.8300002,-27.861680295516123,-27.861680295516123,-12.958201253885306,8,8,7,2,2,2,0,1,0
1s,C,20261028,8,historical7d,364,1789755689.826,1789770088.984,25.18841106913044,27.16514048301042,27.16514048301042,7,7,7,3,3,3,0,0,1
1s,C,20261028,9,recent24h,0,1790189991.996,1790204390.981,-27.861680295516123,-27.861680295516123,-12.958201253885306,8,8,7,2,2,2,0,1,0
1s,C,20261028,10,historical7d,364,1789746540.796,1789760939.651,-12.641512412450766,-20.13999768464646,2.7792566682910547,11,11,10,5,5,5,0,1,2
1s,C,20261028,11,recent24h,0,1790189970.9699998,1790204369.7129998,-27.861680295516123,-27.861680295516123,-12.958201253885306,8,8,7,2,2,2,0,1,0
1s,C,20261028,12,historical7d,364,1789741625.884,1789756024.957,9.974756484777231,0.2454499789255351,24.138361769127187,13,13,12,7,7,7,0,1,1
1s,C,20261028,13,recent24h,0,1790189971.9169998,1790204370.9139998,-27.861680295516123,-27.861680295516123,-12.958201253885306,8,8,7,2,2,2,0,1,0
1s,C,20261028,14,historical7d,0,1789585069.727,1789599467.981,63.87927464386428,61.36609295833591,-28.69761045907785,29,29,24,12,12,10,0,5,0
1s,C,20261028,15,recent24h,0,1790189944.922,1790204342.983,-27.861680295516123,-27.861680295516123,-12.958201253885306,8,8,7,2,2,2,0,1,0
1s,C,20261028,16,historical7d,364,1789754552.907,1789768951.7710001,25.18841106913044,27.16514048301042,27.16514048301042,7,7,7,3,3,3,0,0,1
1s,C,20261028,17,recent24h,0,1790189990.95,1790204389.983,-27.861680295516123,-27.861680295516123,-12.958201253885306,8,8,7,2,2,2,0,1,0
1s,C,20261028,18,historical7d,153,1789655258.987,1789669657.884,36.917977929550716,83.9442853213435,57.220419312329,15,15,13,7,9,7,1,2,2
1s,C,20261028,19,recent24h,0,1790189970.9699998,1790204369.7129998,-27.861680295516123,-27.861680295516123,-12.958201253885306,8,8,7,2,2,2,0,1,0
1s,C,20261028,20,historical7d,0,1789580570.64,1789594969.959,-24.451516044003142,-26.571011819431305,-27.225002067979915,16,16,12,5,5,4,0,4,0
1s,C,20261028,21,recent24h,0,1790189933.812,1790204332.775,-27.861680295516123,-27.861680295516123,-12.958201253885306,8,8,7,2,2,2,0,1,0
1s,C,20261028,22,historical7d,0,1789577772.9329998,1789592172.4350002,-1.9636678466524575,-1.9636678466524575,24.453789334973344,11,11,9,3,3,3,0,2,0
1s,C,20261028,23,recent24h,0,1790189985.994,1790204385.88,-27.861680295516123,-27.861680295516123,-12.958201253885306,8,8,7,2,2,2,0,1,0
1s,C,20261028,24,historical7d,364,1789751804.944,1789766203.6,17.968629812802078,19.918185066570572,19.918185066570572,9,9,9,5,5,5,0,0,1
1s,C,20261028,25,recent24h,0,1790189961.9539998,1790204360.848,-27.861680295516123,-27.861680295516123,-12.958201253885306,8,8,7,2,2,2,0,1,0
1s,C,20261028,26,historical7d,364,1789754268.945,1789768667.856,26.25191760154337,28.232649892486734,28.232649892486734,8,8,8,4,4,4,0,0,1
1s,C,20261028,27,recent24h,0,1790189978.922,1790204377.967,-27.861680295516123,-27.861680295516123,-12.958201253885306,8,8,7,2,2,2,0,1,0
1s,C,20261028,28,historical7d,364,1789742025.962,1789756425.76,9.974756484777231,0.2454499789255351,24.138361769127187,13,13,12,7,7,7,0,1,1
1s,C,20261028,29,recent24h,0,1790189963.947,1790204362.8009999,-27.861680295516123,-27.861680295516123,-12.958201253885306,8,8,7,2,2,2,0,1,0
1s,C,20261028,30,historical7d,153,1789661230.8,1789675629.227,-30.655266370938705,-25.643822331985746,-29.279303070096887,13,13,12,5,5,4,2,1,1
1s,C,20261028,31,recent24h,0,1790189943.2659998,1790204342.983,-27.861680295516123,-27.861680295516123,-12.958201253885306,8,8,7,2,2,2,0,1,0
1s,C,20261028,32,historical7d,0,1789582072.999,1789596471.901,101.05661645502562,98.37773721904955,2.3760090553940927,20,20,15,8,8,6,0,5,0
1s,C,20261028,33,recent24h,0,1790189958.994,1790204358.595,-27.861680295516123,-27.861680295516123,-12.958201253885306,8,8,7,2,2,2,0,1,0
1s,C,20261028,34,historical7d,153,1789659707.9299998,1789674106.9740002,-34.54792658005704,-13.451166055633712,-21.258211977770486,13,13,12,4,5,4,2,2,1
1s,C,20261028,35,recent24h,0,1790189962.903,1790204362.8009999,-27.861680295516123,-27.861680295516123,-12.958201253885306,8,8,7,2,2,2,0,1,0
1s,C,20261028,36,historical7d,0,1789577847.981,1789592246.951,16.77284125605941,16.77284125605941,44.18414345460158,10,10,8,3,3,3,0,2,0
1s,C,20261028,37,recent24h,0,1790189946.829,1790204345.882,-27.861680295516123,-27.861680295516123,-12.958201253885306,8,8,7,2,2,2,0,1,0
1s,C,20261028,38,historical7d,153,1789656548.769,1789670947.34,-44.44297331768382,-4.677186236102273,-5.9357956974674835,15,15,14,5,6,5,2,1,2
1s,C,20261028,39,recent24h,0,1790189955.949,1790204354.9550002,-27.861680295516123,-27.861680295516123,-12.958201253885306,8,8,7,2,2,2,0,1,0
